solver,score,time_s,valid,landmarks_visited,total_duration,optimality_gap_pct,timed_out,error,instance,group,n_landmarks,time_budget,run_id
Greedy-Random,50.0,0.003150800010189414,True,3,1162.02775637732,84.38,False,,c101,Solomon-100,100,1236,3
Greedy-Random,30.0,0.00348319998010993,True,3,1205.02775637732,90.62,False,,c101,Solomon-100,100,1236,1
Greedy-Random,70.0,0.0042119999416172504,True,4,1175.6006410287707,78.12,False,,c101,Solomon-100,100,1236,0
Greedy-Random,60.0,0.004946000059135258,True,5,1201.02775637732,81.25,False,,c101,Solomon-100,100,1236,2
Greedy-Random,90.0,0.006231000064872205,True,5,1162.02775637732,71.88,False,,c101,Solomon-100,100,1236,4
Greedy-Ratio,160.0,0.017131600063294172,True,8,1162.02775637732,50.0,False,,c101,Solomon-100,100,1236,0
Greedy-Score,230.0,0.0274704999756068,True,7,1228.5687760398168,28.12,False,,c101,Solomon-100,100,1236,0
SA-Boltzmann,230.0,0.16430850001052022,True,7,1228.5687760398168,28.12,False,,c101,Solomon-100,100,1236,1
SA-Boltzmann,230.0,0.1697273999452591,True,7,1228.5687760398168,28.12,False,,c101,Solomon-100,100,1236,3
SA-Boltzmann,230.0,0.17621259996667504,True,7,1228.5687760398168,28.12,False,,c101,Solomon-100,100,1236,0
SA-Boltzmann,230.0,0.17039890005253255,True,7,1228.5687760398168,28.12,False,,c101,Solomon-100,100,1236,4
SA-Cauchy,240.0,0.18412220000755042,True,10,1145.953523924573,25.0,False,,c101,Solomon-100,100,1236,0
SA-Boltzmann,230.0,0.2741844999836758,True,7,1228.5687760398168,28.12,False,,c101,Solomon-100,100,1236,2
SA-Cauchy,290.0,0.18304069992154837,True,10,1174.4289326061514,9.38,False,,c101,Solomon-100,100,1236,1
SA-Cauchy,250.0,0.1721669000107795,True,9,1228.5687760398168,21.88,False,,c101,Solomon-100,100,1236,2
SA-Cauchy,260.0,0.1927733999909833,True,9,1066.524492177089,18.75,False,,c101,Solomon-100,100,1236,3
SA-Cauchy,250.0,0.2509893999667838,True,8,1102.8113883008418,21.88,False,,c101,Solomon-100,100,1236,4
Tabu,270.0,1.6750503999646753,True,7,935.6155281280883,15.62,False,,c101,Solomon-100,100,1236,0
Tabu-Random,270.0,1.7664820000063628,True,7,935.6155281280883,15.62,False,,c101,Solomon-100,100,1236,0
Tabu-Random,270.0,1.7213029999984428,True,7,935.6155281280883,15.62,False,,c101,Solomon-100,100,1236,2
Tabu-Random,270.0,1.7369299998972565,True,7,935.6155281280883,15.62,False,,c101,Solomon-100,100,1236,3
Tabu-Random,270.0,1.7888591999653727,True,7,935.6155281280883,15.62,False,,c101,Solomon-100,100,1236,4
Tabu-Random,270.0,1.9896851000376046,True,9,1115.8113883008418,15.62,False,,c101,Solomon-100,100,1236,1
Genetic-Tailored,300.0,9.677629199926741,True,9,1162.02775637732,6.25,False,,c101,Solomon-100,100,1236,4
Genetic-Tailored,320.0,10.149903299985453,True,10,1154.091570569841,0.0,False,,c101,Solomon-100,100,1236,2
Genetic-Tailored,310.0,10.274236100027338,True,10,1154.091570569841,3.12,False,,c101,Solomon-100,100,1236,3
Genetic-Tailored,300.0,12.367010200046934,True,10,1154.7573645086422,6.25,False,,c101,Solomon-100,100,1236,0
Greedy-Ratio,180.0,0.021223700023256242,True,8,1159.7027129975631,50.0,False,,c102,Solomon-100,100,1236,0
Greedy-Score,300.0,0.031434600008651614,True,9,1235.6444508367174,16.67,False,,c102,Solomon-100,100,1236,0
Greedy-Random,130.0,0.008002100046724081,True,8,1221.7033032607528,63.89,False,,c102,Solomon-100,100,1236,0
Greedy-Random,90.0,0.0055059000151231885,True,5,1204.054508891069,75.0,False,,c102,Solomon-100,100,1236,1
Greedy-Random,120.0,0.008800099953077734,True,8,1226.822843474099,66.67,False,,c102,Solomon-100,100,1236,2
Greedy-Random,30.0,0.002700099954381585,True,2,1208.3152817958094,91.67,False,,c102,Solomon-100,100,1236,3
Greedy-Random,110.0,0.006428199936635792,True,6,1184.4037419297622,69.44,False,,c102,Solomon-100,100,1236,4
GRASP,310.0,14.165354800061323,True,9,1154.091570569841,3.12,False,,c101,Solomon-100,100,1236,1
GRASP,310.0,14.79578709998168,True,9,1154.091570569841,3.12,False,,c101,Solomon-100,100,1236,4
GRASP,310.0,14.906967299990356,True,9,1154.091570569841,3.12,False,,c101,Solomon-100,100,1236,2
GRASP,310.0,14.982041300041601,True,9,1154.091570569841,3.12,False,,c101,Solomon-100,100,1236,0
GRASP,310.0,15.359155900077894,True,9,1154.091570569841,3.12,False,,c101,Solomon-100,100,1236,3
SA-Boltzmann,310.0,0.21506369998678565,True,9,1171.7237069985347,13.89,False,,c102,Solomon-100,100,1236,0
SA-Boltzmann,300.0,0.19291840004734695,True,9,1235.6444508367174,16.67,False,,c102,Solomon-100,100,1236,1
SA-Boltzmann,300.0,0.18800660001579672,True,9,1235.6444508367174,16.67,False,,c102,Solomon-100,100,1236,2
SA-Boltzmann,300.0,0.17865050002001226,True,9,1235.6444508367174,16.67,False,,c102,Solomon-100,100,1236,3
SA-Boltzmann,300.0,0.18528730003163218,True,9,1235.6444508367174,16.67,False,,c102,Solomon-100,100,1236,4
SA-Cauchy,330.0,0.2020801999606192,True,10,1235.6444508367174,8.33,False,,c102,Solomon-100,100,1236,0
SA-Cauchy,300.0,0.22672679997049272,True,9,1235.6444508367174,16.67,False,,c102,Solomon-100,100,1236,1
SA-Cauchy,300.0,0.18154319992754608,True,9,1235.6444508367174,16.67,False,,c102,Solomon-100,100,1236,2
SA-Cauchy,300.0,0.21585559996310622,True,9,1235.6444508367174,16.67,False,,c102,Solomon-100,100,1236,3
SA-Cauchy,310.0,0.18145549995824695,True,10,1220.7380689300855,13.89,False,,c102,Solomon-100,100,1236,4
Genetic-Tailored,310.0,16.07553829997778,True,9,1154.091570569841,3.12,False,,c101,Solomon-100,100,1236,1
Tabu,320.0,2.3546140999533236,True,10,1231.798364100995,11.11,False,,c102,Solomon-100,100,1236,0
Tabu-Random,310.0,2.2543757000239566,True,9,1231.8910131008465,13.89,False,,c102,Solomon-100,100,1236,0
Tabu-Random,310.0,2.1940023999195546,True,9,1219.3300223386727,13.89,False,,c102,Solomon-100,100,1236,1
Tabu-Random,350.0,2.470256599946879,True,10,1220.9217582752638,2.78,False,,c102,Solomon-100,100,1236,2
Tabu-Random,310.0,2.1419801000738516,True,9,1232.1474220927364,13.89,False,,c102,Solomon-100,100,1236,3
Tabu-Random,310.0,2.239528500009328,True,9,1220.9217582752638,13.89,False,,c102,Solomon-100,100,1236,4
GRASP,360.0,29.390077600022778,True,11,1218.3602270464041,0.0,False,,c102,Solomon-100,100,1236,2
GRASP,360.0,32.1996560000116,True,11,1210.4148696690443,0.0,False,,c102,Solomon-100,100,1236,0
GRASP,360.0,32.328850500052795,True,11,1223.740202639675,0.0,False,,c102,Solomon-100,100,1236,1
GRASP,360.0,32.82916750002187,True,11,1213.8338097316687,0.0,False,,c102,Solomon-100,100,1236,3
GRASP,360.0,35.697360199992545,True,11,1211.1271466594278,0.0,False,,c102,Solomon-100,100,1236,4
Genetic-Tailored,360.0,27.759393899934366,True,11,1210.4148696690443,0.0,False,,c102,Solomon-100,100,1236,0
Genetic-Tailored,360.0,31.730287199956365,True,11,1210.6534327612935,0.0,False,,c102,Solomon-100,100,1236,1
Genetic-Tailored,340.0,13.037319199997,True,10,1181.3883031317027,5.56,False,,c102,Solomon-100,100,1236,3
Genetic-Score,320.0,60.55343039997388,True,10,1154.091570569841,0.0,False,,c101,Solomon-100,100,1236,1
Greedy-Ratio,240.0,0.019852799945510924,True,9,1169.075804065706,40.0,False,,c103,Solomon-100,100,1236,0
Greedy-Score,310.0,0.02118969999719411,True,8,1184.9732737557338,22.5,False,,c103,Solomon-100,100,1236,0
Greedy-Random,100.0,0.006873999955132604,True,6,1230.501995726005,75.0,False,,c103,Solomon-100,100,1236,0
Greedy-Random,140.0,0.00793560000602156,True,6,1226.2339544471743,65.0,False,,c103,Solomon-100,100,1236,1
Greedy-Random,70.0,0.009864699910394847,True,6,1222.8082920572267,82.5,False,,c103,Solomon-100,100,1236,2
Greedy-Random,60.0,0.006458999938331544,True,5,1227.4537340468676,85.0,False,,c103,Solomon-100,100,1236,3
Greedy-Random,90.0,0.005419600056484342,True,5,1165.5990999023431,77.5,False,,c103,Solomon-100,100,1236,4
Genetic-Score,320.0,60.99289609992411,True,10,1154.091570569841,0.0,False,,c101,Solomon-100,100,1236,0
Genetic-Tailored,360.0,31.207624400034547,True,11,1213.8338097316687,0.0,False,,c102,Solomon-100,100,1236,2
Genetic-Score,320.0,64.67395910003688,True,10,1154.091570569841,0.0,False,,c101,Solomon-100,100,1236,3
Genetic-Score,320.0,65.25464479997754,True,10,1154.091570569841,0.0,False,,c101,Solomon-100,100,1236,4
Genetic-Score,320.0,66.52268010005355,True,10,1154.091570569841,0.0,False,,c101,Solomon-100,100,1236,2
SA-Boltzmann,310.0,0.17661259998567402,True,8,1184.9732737557338,22.5,False,,c103,Solomon-100,100,1236,0
SA-Boltzmann,320.0,0.14192159997764975,True,9,1181.6522863286198,20.0,False,,c103,Solomon-100,100,1236,1
SA-Boltzmann,310.0,0.16535200004000217,True,8,1184.9732737557338,22.5,False,,c103,Solomon-100,100,1236,2
SA-Boltzmann,310.0,0.1523458999581635,True,8,1184.9732737557338,22.5,False,,c103,Solomon-100,100,1236,3
SA-Boltzmann,310.0,0.15346790000330657,True,8,1184.9732737557338,22.5,False,,c103,Solomon-100,100,1236,4
SA-Cauchy,330.0,0.15317329997196794,True,10,1209.8353815207843,17.5,False,,c103,Solomon-100,100,1236,0
SA-Cauchy,340.0,0.16555120004341006,True,10,1170.2567690328501,15.0,False,,c103,Solomon-100,100,1236,1
SA-Cauchy,340.0,0.1566518999170512,True,10,1215.1358835492526,15.0,False,,c103,Solomon-100,100,1236,2
SA-Cauchy,330.0,0.16611839993856847,True,10,1195.606103217024,17.5,False,,c103,Solomon-100,100,1236,3
SA-Cauchy,350.0,0.17004940006881952,True,10,1196.132476217949,12.5,False,,c103,Solomon-100,100,1236,4
Tabu,360.0,2.5375631999922916,True,9,1226.614166452036,10.0,False,,c103,Solomon-100,100,1236,0
Tabu-Random,370.0,2.3793841999722645,True,9,1220.4888618686455,7.5,False,,c103,Solomon-100,100,1236,0
Tabu-Random,370.0,2.275954999960959,True,9,1231.8808393334712,7.5,False,,c103,Solomon-100,100,1236,1
Tabu-Random,280.0,1.9297182000009343,True,7,1228.1369684660954,30.0,False,,c103,Solomon-100,100,1236,2
Tabu-Random,390.0,2.523577700019814,True,10,1226.2766067375242,2.5,False,,c103,Solomon-100,100,1236,3
GRASP,390.0,30.490763199981302,True,10,1230.3620307443648,2.5,False,,c103,Solomon-100,100,1236,0
Tabu-Random,370.0,2.3313612999627367,True,9,1218.370975230126,7.5,False,,c103,Solomon-100,100,1236,4
GRASP,390.0,33.45669039990753,True,10,1233.5424166610119,2.5,False,,c103,Solomon-100,100,1236,1
Genetic-Tailored,350.0,55.60529840004165,True,11,1219.3300223386727,2.78,False,,c102,Solomon-100,100,1236,4
GRASP,390.0,29.319501199992374,True,10,1233.5424166610119,2.5,False,,c103,Solomon-100,100,1236,4
GRASP,390.0,33.377328300033696,True,10,1231.6936171046798,2.5,False,,c103,Solomon-100,100,1236,2
GRASP,390.0,32.135985899949446,True,10,1229.555579291532,2.5,False,,c103,Solomon-100,100,1236,3
Genetic-Tailored,380.0,16.40670399996452,True,10,1212.0782603304256,5.0,False,,c103,Solomon-100,100,1236,1
Genetic-Tailored,380.0,17.87658190005459,True,10,1211.0163436024384,5.0,False,,c103,Solomon-100,100,1236,2
Genetic-Tailored,380.0,18.2434699999867,True,10,1229.637172288956,5.0,False,,c103,Solomon-100,100,1236,4
Genetic-Tailored,380.0,25.60225629992783,True,10,1212.2164385631843,5.0,False,,c103,Solomon-100,100,1236,3
Greedy-Ratio,250.0,0.02059289999306202,True,9,1157.5817179151109,40.48,False,,c104,Solomon-100,100,1236,0
Greedy-Score,330.0,0.02367180003784597,True,8,1194.465834716179,21.43,False,,c104,Solomon-100,100,1236,0
Greedy-Random,120.0,0.0057480999967083335,True,5,1147.9581722643393,71.43,False,,c104,Solomon-100,100,1236,0
Greedy-Random,190.0,0.014008500031195581,True,10,1233.5355738493085,54.76,False,,c104,Solomon-100,100,1236,1
Greedy-Random,110.0,0.011400599963963032,True,8,1174.955657598063,73.81,False,,c104,Solomon-100,100,1236,2
Greedy-Random,110.0,0.014490499976091087,True,9,1207.9253310835768,73.81,False,,c104,Solomon-100,100,1236,3
Greedy-Random,80.0,0.006414900068193674,True,5,1221.9282921200968,80.95,False,,c104,Solomon-100,100,1236,4
Genetic-Tailored,380.0,43.97076880000532,True,10,1174.1657614274097,5.0,False,,c103,Solomon-100,100,1236,0
Genetic-Score,360.0,96.12305339996237,True,11,1210.4148696690443,0.0,False,,c102,Solomon-100,100,1236,0
Genetic-Score,360.0,95.22221110004466,True,11,1210.4148696690443,0.0,False,,c102,Solomon-100,100,1236,2
Genetic-Score,360.0,97.16937079990748,True,11,1210.4148696690443,0.0,False,,c102,Solomon-100,100,1236,1
Genetic-Score,360.0,94.94082439993508,True,11,1210.4148696690443,0.0,False,,c102,Solomon-100,100,1236,3
SA-Boltzmann,330.0,0.15342029999010265,True,8,1194.465834716179,21.43,False,,c104,Solomon-100,100,1236,0
SA-Boltzmann,350.0,0.17970670002978295,True,9,1192.3274755299246,16.67,False,,c104,Solomon-100,100,1236,1
SA-Boltzmann,330.0,0.15162899997085333,True,8,1194.465834716179,21.43,False,,c104,Solomon-100,100,1236,2
SA-Boltzmann,330.0,0.10401659994386137,True,8,1194.465834716179,21.43,False,,c104,Solomon-100,100,1236,3
Genetic-Score,360.0,94.12823849997949,True,11,1210.4148696690443,0.0,False,,c102,Solomon-100,100,1236,4
SA-Boltzmann,330.0,0.12664180004503578,True,8,1194.465834716179,21.43,False,,c104,Solomon-100,100,1236,4
SA-Cauchy,350.0,0.1536706000333652,True,9,1194.465834716179,16.67,False,,c104,Solomon-100,100,1236,0
SA-Cauchy,370.0,0.17433109995909035,True,10,1230.8488718060373,11.9,False,,c104,Solomon-100,100,1236,1
SA-Cauchy,360.0,0.18173559999559075,True,10,1232.3576210167646,14.29,False,,c104,Solomon-100,100,1236,2
SA-Cauchy,360.0,0.18129919993225485,True,10,1174.5095488158615,14.29,False,,c104,Solomon-100,100,1236,3
SA-Cauchy,350.0,0.18441900005564094,True,10,1232.7716665123683,16.67,False,,c104,Solomon-100,100,1236,4
Tabu,370.0,2.5691348999971524,True,9,1189.0878513744008,11.9,False,,c104,Solomon-100,100,1236,0
Tabu-Random,370.0,2.574545899988152,True,9,1186.0326887274261,11.9,False,,c104,Solomon-100,100,1236,0
Tabu-Random,390.0,2.450343700009398,True,10,1221.8735961022885,7.14,False,,c104,Solomon-100,100,1236,2
Tabu-Random,380.0,2.817928300006315,True,10,1229.1516859391802,9.52,False,,c104,Solomon-100,100,1236,1
Tabu-Random,390.0,2.51141350006219,True,10,1233.336939973256,7.14,False,,c104,Solomon-100,100,1236,3
Tabu-Random,390.0,2.5318319000070915,True,10,1170.8891108411015,7.14,False,,c104,Solomon-100,100,1236,4
GRASP,410.0,40.679519600002095,True,11,1223.7816758685224,2.38,False,,c104,Solomon-100,100,1236,0
Genetic-Tailored,400.0,18.416491999989375,True,10,1225.0545794576435,4.76,False,,c104,Solomon-100,100,1236,0
GRASP,400.0,41.59684600005858,True,10,1232.8818729529041,4.76,False,,c104,Solomon-100,100,1236,1
Genetic-Tailored,390.0,20.66602140001487,True,10,1216.1611619495877,7.14,False,,c104,Solomon-100,100,1236,1
GRASP,400.0,38.35272139997687,True,10,1233.4180790444964,4.76,False,,c104,Solomon-100,100,1236,2
GRASP,410.0,35.687495599966496,True,11,1231.952341357836,2.38,False,,c104,Solomon-100,100,1236,3
GRASP,410.0,39.261233899975196,True,11,1231.952341357836,2.38,False,,c104,Solomon-100,100,1236,4
Genetic-Score,390.0,81.05737990001217,True,10,1212.4342001340572,2.5,False,,c103,Solomon-100,100,1236,3
Genetic-Tailored,400.0,17.20049850002397,True,10,1228.377291419849,4.76,False,,c104,Solomon-100,100,1236,3
Greedy-Ratio,170.0,0.02459909999743104,True,9,1195.2093727122985,50.0,False,,c105,Solomon-100,100,1236,0
Greedy-Score,230.0,0.033796200063079596,True,7,1193.5687760398168,32.35,False,,c105,Solomon-100,100,1236,0
Greedy-Random,50.0,0.006314900005236268,True,5,1169.02775637732,85.29,False,,c105,Solomon-100,100,1236,0
Greedy-Random,110.0,0.009014199953526258,True,6,1153.7381098974238,67.65,False,,c105,Solomon-100,100,1236,1
Greedy-Random,90.0,0.0051247000228613615,True,4,1193.5687760398168,73.53,False,,c105,Solomon-100,100,1236,2
Greedy-Random,50.0,0.0036848000017926097,True,3,1199.2932675999753,85.29,False,,c105,Solomon-100,100,1236,3
Greedy-Random,40.0,0.005605400074273348,True,4,1150.037059972935,88.24,False,,c105,Solomon-100,100,1236,4
Genetic-Score,390.0,93.59209609997924,True,10,1211.2003706045173,2.5,False,,c103,Solomon-100,100,1236,0
Genetic-Tailored,400.0,35.28558140003588,True,10,1205.7440263626004,4.76,False,,c104,Solomon-100,100,1236,2
Genetic-Score,390.0,94.46230640006252,True,10,1211.2003706045173,2.5,False,,c103,Solomon-100,100,1236,2
Genetic-Tailored,390.0,25.868662199936807,True,10,1178.1017073310759,7.14,False,,c104,Solomon-100,100,1236,4
GRASP,330.0,15.282037399942055,True,10,1163.051447497597,2.94,False,,c105,Solomon-100,100,1236,0
SA-Boltzmann,230.0,0.19234890001825988,True,7,1193.5687760398168,32.35,False,,c105,Solomon-100,100,1236,0
SA-Boltzmann,230.0,0.19158270000480115,True,7,1193.5687760398168,32.35,False,,c105,Solomon-100,100,1236,1
SA-Boltzmann,230.0,0.1722658999497071,True,7,1193.5687760398168,32.35,False,,c105,Solomon-100,100,1236,2
SA-Boltzmann,230.0,0.17750440002419055,True,7,1193.5687760398168,32.35,False,,c105,Solomon-100,100,1236,3
SA-Boltzmann,230.0,0.2021577999694273,True,7,1193.5687760398168,32.35,False,,c105,Solomon-100,100,1236,4
SA-Cauchy,280.0,0.22006049996707588,True,10,1196.5398638030924,17.65,False,,c105,Solomon-100,100,1236,0
SA-Cauchy,280.0,0.2543661999516189,True,10,1132.9682095185783,17.65,False,,c105,Solomon-100,100,1236,1
SA-Cauchy,280.0,0.22113660001195967,True,10,1184.0031809294285,17.65,False,,c105,Solomon-100,100,1236,2
SA-Cauchy,250.0,0.20884470001328737,True,9,1186.637442849985,26.47,False,,c105,Solomon-100,100,1236,3
SA-Cauchy,240.0,0.21472380007617176,True,9,1205.3702109948003,29.41,False,,c105,Solomon-100,100,1236,4
Genetic-Score,390.0,106.0588341000257,True,10,1211.2003706045173,2.5,False,,c103,Solomon-100,100,1236,1
Tabu,320.0,2.105438999948092,True,9,1067.8113883008418,5.88,False,,c105,Solomon-100,100,1236,0
Tabu-Random,290.0,2.0677593000000343,True,8,929.7635124125314,14.71,False,,c105,Solomon-100,100,1236,0
Tabu-Random,320.0,2.1870953000616282,True,9,1067.8113883008418,5.88,False,,c105,Solomon-100,100,1236,1
GRASP,330.0,15.467676799977198,True,10,1163.051447497597,2.94,False,,c105,Solomon-100,100,1236,1
GRASP,330.0,14.66209879994858,True,10,1165.3671884415326,2.94,False,,c105,Solomon-100,100,1236,2
GRASP,330.0,14.30132699990645,True,10,1165.3671884415326,2.94,False,,c105,Solomon-100,100,1236,4
Tabu-Random,320.0,2.14587849995587,True,9,1067.8113883008418,5.88,False,,c105,Solomon-100,100,1236,2
Tabu-Random,320.0,2.0996839000144973,True,9,1067.8113883008418,5.88,False,,c105,Solomon-100,100,1236,4
Tabu-Random,290.0,2.294061900000088,True,8,1067.8113883008418,14.71,False,,c105,Solomon-100,100,1236,3
GRASP,330.0,15.468449600040913,True,10,1163.051447497597,2.94,False,,c105,Solomon-100,100,1236,3
Genetic-Score,400.0,101.75174809992313,True,11,1234.2302551491982,0.0,False,,c103,Solomon-100,100,1236,4
Genetic-Tailored,340.0,10.807003099936992,True,10,1200.7521655072512,0.0,False,,c105,Solomon-100,100,1236,1
Genetic-Tailored,330.0,12.495306900003925,True,10,1181.5702251071216,2.94,False,,c105,Solomon-100,100,1236,2
Genetic-Tailored,340.0,13.348312999936752,True,10,1200.7521655072512,0.0,False,,c105,Solomon-100,100,1236,0
Genetic-Tailored,340.0,13.798521899967454,True,10,1158.8263414715786,0.0,False,,c105,Solomon-100,100,1236,3
Greedy-Ratio,170.0,0.024559299927204847,True,9,1179.2093727122985,50.0,False,,c106,Solomon-100,100,1236,0
Greedy-Score,230.0,0.034237499930895865,True,7,1182.5687760398168,32.35,False,,c106,Solomon-100,100,1236,0
Greedy-Random,50.0,0.006334600038826466,True,4,1225.1449991459438,85.29,False,,c106,Solomon-100,100,1236,0
Greedy-Random,30.0,0.004816400003619492,True,3,1220.796935475448,91.18,False,,c106,Solomon-100,100,1236,1
Greedy-Random,70.0,0.005208199960179627,True,4,1194.2932675999753,79.41,False,,c106,Solomon-100,100,1236,2
Greedy-Random,70.0,0.010236900066956878,True,6,1121.2880480027893,79.41,False,,c106,Solomon-100,100,1236,3
Greedy-Random,60.0,0.006077999947592616,True,4,1182.5687760398168,82.35,False,,c106,Solomon-100,100,1236,4
Genetic-Tailored,330.0,15.065772700007074,True,10,1181.5702251071216,2.94,False,,c105,Solomon-100,100,1236,4
GRASP,330.0,17.19614990008995,True,10,1153.051447497597,2.94,False,,c106,Solomon-100,100,1236,0
GRASP,330.0,17.944544599973597,True,10,1187.3007412832433,2.94,False,,c106,Solomon-100,100,1236,1
GRASP,330.0,17.787071999977343,True,10,1185.1782653116281,2.94,False,,c106,Solomon-100,100,1236,2
GRASP,330.0,17.454409900004975,True,10,1187.3007412832433,2.94,False,,c106,Solomon-100,100,1236,3
SA-Boltzmann,240.0,0.22437549999449402,True,8,1056.8113883008418,29.41,False,,c106,Solomon-100,100,1236,0
SA-Boltzmann,230.0,0.21694479999132454,True,7,1182.5687760398168,32.35,False,,c106,Solomon-100,100,1236,1
SA-Boltzmann,250.0,0.24144610005896538,True,10,1218.2405126253511,26.47,False,,c106,Solomon-100,100,1236,2
SA-Boltzmann,230.0,0.23183419997803867,True,7,1182.5687760398168,32.35,False,,c106,Solomon-100,100,1236,3
SA-Boltzmann,230.0,0.2215891000814736,True,7,1182.5687760398168,32.35,False,,c106,Solomon-100,100,1236,4
SA-Cauchy,280.0,0.24688490002881736,True,10,1190.7064583986883,17.65,False,,c106,Solomon-100,100,1236,0
SA-Cauchy,240.0,0.23817739996593446,True,8,1193.7011682208197,29.41,False,,c106,Solomon-100,100,1236,1
SA-Cauchy,250.0,0.26505390007514507,True,8,1182.5687760398168,26.47,False,,c106,Solomon-100,100,1236,2
SA-Cauchy,240.0,0.2590020999778062,True,11,1220.485806003486,29.41,False,,c106,Solomon-100,100,1236,3
SA-Cauchy,250.0,0.2258219999494031,True,10,1156.8297935867756,26.47,False,,c106,Solomon-100,100,1236,4
Tabu,300.0,2.6083127999445423,True,8,981.5241592159947,11.76,False,,c106,Solomon-100,100,1236,0
Tabu-Random,320.0,2.851172999944538,True,9,1059.4208775726531,5.88,False,,c106,Solomon-100,100,1236,0
Tabu-Random,320.0,2.635306500014849,True,9,1059.4208775726531,5.88,False,,c106,Solomon-100,100,1236,1
Tabu-Random,320.0,2.651700900052674,True,9,1071.7200193887484,5.88,False,,c106,Solomon-100,100,1236,2
Tabu-Random,260.0,2.4516648000571877,True,7,969.2250173998996,23.53,False,,c106,Solomon-100,100,1236,3
GRASP,330.0,18.99396400002297,True,10,1185.1782653116281,2.94,False,,c106,Solomon-100,100,1236,4
Tabu-Random,320.0,2.6363239000784233,True,9,1059.4208775726531,5.88,False,,c106,Solomon-100,100,1236,4
Genetic-Score,340.0,71.96651240007486,True,10,1158.8263414715786,0.0,False,,c105,Solomon-100,100,1236,0
Genetic-Tailored,330.0,14.068839199957438,True,10,1185.1782653116281,2.94,False,,c106,Solomon-100,100,1236,1
Genetic-Score,340.0,72.85569720005151,True,10,1158.8263414715786,0.0,False,,c105,Solomon-100,100,1236,3
Genetic-Score,340.0,77.75603719998617,True,10,1158.8263414715786,0.0,False,,c105,Solomon-100,100,1236,1
Genetic-Tailored,320.0,12.809261100017466,True,10,1145.091570569841,5.88,False,,c106,Solomon-100,100,1236,2
Genetic-Tailored,340.0,18.00751950009726,True,10,1145.3741801682213,0.0,False,,c106,Solomon-100,100,1236,0
Genetic-Score,340.0,77.8149688000558,True,10,1158.8263414715786,0.0,False,,c105,Solomon-100,100,1236,2
Genetic-Score,340.0,76.26898190006614,True,10,1158.8263414715786,0.0,False,,c105,Solomon-100,100,1236,4
Genetic-Tailored,340.0,13.768882200005464,True,10,1143.0584392242858,0.0,False,,c106,Solomon-100,100,1236,3
Greedy-Ratio,190.0,0.029534599976614118,True,9,1181.3323896396305,48.65,False,,c107,Solomon-100,100,1236,0
Greedy-Score,240.0,0.038568800082430243,True,7,1174.5687760398168,35.14,False,,c107,Solomon-100,100,1236,0
Greedy-Random,100.0,0.008290000027045608,True,5,1211.1678290474479,72.97,False,,c107,Solomon-100,100,1236,0
Greedy-Random,80.0,0.00824380002450198,True,6,1191.2950072120311,78.38,False,,c107,Solomon-100,100,1236,1
Greedy-Random,50.0,0.007057099952362478,True,4,1144.02775637732,86.49,False,,c107,Solomon-100,100,1236,2
Greedy-Random,70.0,0.008296600077301264,True,5,1144.02775637732,81.08,False,,c107,Solomon-100,100,1236,3
Greedy-Random,80.0,0.011442300048656762,True,6,1174.2932675999753,78.38,False,,c107,Solomon-100,100,1236,4
Genetic-Score,410.0,121.35730709997006,True,11,1223.6769192511726,2.38,False,,c104,Solomon-100,100,1236,4
Genetic-Score,400.0,141.85368130006827,True,10,1191.274716484396,4.76,False,,c104,Solomon-100,100,1236,1
Genetic-Tailored,340.0,21.766045299940743,True,10,1175.135946234837,0.0,False,,c106,Solomon-100,100,1236,4
GRASP,350.0,19.974485100014135,True,11,1218.3500688118752,5.41,False,,c107,Solomon-100,100,1236,1
GRASP,350.0,20.428670599940233,True,11,1217.638552348551,5.41,False,,c107,Solomon-100,100,1236,0
SA-Boltzmann,240.0,0.23469670000486076,True,7,1174.5687760398168,35.14,False,,c107,Solomon-100,100,1236,0
SA-Boltzmann,240.0,0.2146606999449432,True,7,1174.5687760398168,35.14,False,,c107,Solomon-100,100,1236,1
SA-Boltzmann,240.0,0.22184849996119738,True,7,1174.5687760398168,35.14,False,,c107,Solomon-100,100,1236,2
SA-Boltzmann,260.0,0.20910849992651492,True,8,1174.5687760398168,29.73,False,,c107,Solomon-100,100,1236,3
SA-Boltzmann,240.0,0.20088869996834546,True,7,1174.5687760398168,35.14,False,,c107,Solomon-100,100,1236,4
SA-Cauchy,260.0,0.24110630003269762,True,9,1205.832001641049,29.73,False,,c107,Solomon-100,100,1236,0
SA-Cauchy,300.0,0.23798380000516772,True,10,1227.5517687379688,18.92,False,,c107,Solomon-100,100,1236,1
SA-Cauchy,280.0,0.2219091000733897,True,9,1182.7086570547026,24.32,False,,c107,Solomon-100,100,1236,2
SA-Cauchy,270.0,0.20031580002978444,True,8,1075.9564643823219,27.03,False,,c107,Solomon-100,100,1236,3
SA-Cauchy,280.0,0.22090890002436936,True,10,1231.4350355916326,24.32,False,,c107,Solomon-100,100,1236,4
Tabu,330.0,2.5386339999968186,True,9,1048.8113883008418,10.81,False,,c107,Solomon-100,100,1236,0
Tabu-Random,320.0,2.595702000078745,True,9,1092.219918998016,13.51,False,,c107,Solomon-100,100,1236,0
GRASP,350.0,20.378049800056033,True,11,1207.6827015129516,5.41,False,,c107,Solomon-100,100,1236,2
GRASP,350.0,20.207021499983966,True,11,1218.3500688118752,5.41,False,,c107,Solomon-100,100,1236,3
Genetic-Score,420.0,164.10083280003164,True,11,1225.66300179967,0.0,False,,c104,Solomon-100,100,1236,2
Tabu-Random,320.0,2.6144383000209928,True,8,954.1368856086015,13.51,False,,c107,Solomon-100,100,1236,1
Tabu-Random,320.0,2.6179561000317335,True,9,1072.9192960820637,13.51,False,,c107,Solomon-100,100,1236,2
Tabu-Random,320.0,2.582431299961172,True,8,954.1368856086015,13.51,False,,c107,Solomon-100,100,1236,3
Tabu-Random,330.0,2.7370736999437213,True,9,1048.8113883008418,10.81,False,,c107,Solomon-100,100,1236,4
GRASP,350.0,20.699075200012885,True,11,1217.638552348551,5.41,False,,c107,Solomon-100,100,1236,4
Genetic-Tailored,340.0,14.984339199960232,True,10,1180.4196583484008,8.11,False,,c107,Solomon-100,100,1236,0
Genetic-Tailored,370.0,18.57719049998559,True,11,1222.8137018123052,0.0,False,,c107,Solomon-100,100,1236,3
Genetic-Tailored,350.0,28.083411799976602,True,10,1126.8133151789561,5.41,False,,c107,Solomon-100,100,1236,1
Genetic-Score,420.0,190.28537269996013,True,11,1225.66300179967,0.0,False,,c104,Solomon-100,100,1236,3
Genetic-Tailored,350.0,29.384351500077173,True,10,1129.1290561228918,5.41,False,,c107,Solomon-100,100,1236,2
Genetic-Score,340.0,80.73196080001071,True,10,1143.0584392242858,0.0,False,,c106,Solomon-100,100,1236,2
Greedy-Ratio,180.0,0.025616100057959557,True,7,1173.3323896396305,52.63,False,,c108,Solomon-100,100,1236,0
Greedy-Score,260.0,0.04006540006957948,True,8,1175.8771896185992,31.58,False,,c108,Solomon-100,100,1236,0
Greedy-Random,120.0,0.010450300062075257,True,7,1163.5211888618578,68.42,False,,c108,Solomon-100,100,1236,0
Greedy-Random,120.0,0.009927800041623414,True,6,1226.7223665147299,68.42,False,,c108,Solomon-100,100,1236,1
Greedy-Random,60.0,0.005697399959899485,True,4,1168.6711259942037,84.21,False,,c108,Solomon-100,100,1236,2
Greedy-Random,70.0,0.00829999998677522,True,6,1184.8086124802248,81.58,False,,c108,Solomon-100,100,1236,3
Greedy-Random,70.0,0.014139899984002113,True,7,1147.2132034355964,81.58,False,,c108,Solomon-100,100,1236,4
Genetic-Score,340.0,86.52795859996695,True,10,1143.0584392242858,0.0,False,,c106,Solomon-100,100,1236,0
Genetic-Tailored,350.0,33.61019659996964,True,10,1117.796054048587,5.41,False,,c107,Solomon-100,100,1236,4
Genetic-Score,340.0,85.97353389998898,True,10,1143.0584392242858,0.0,False,,c106,Solomon-100,100,1236,3
Genetic-Score,420.0,212.64611299999524,True,11,1225.66300179967,0.0,False,,c104,Solomon-100,100,1236,0
Genetic-Score,340.0,89.07233149989042,True,10,1143.0584392242858,0.0,False,,c106,Solomon-100,100,1236,1
SA-Boltzmann,260.0,0.22013759997207671,True,8,1175.8771896185992,31.58,False,,c108,Solomon-100,100,1236,0
SA-Boltzmann,260.0,0.23443280009087175,True,8,1175.8771896185992,31.58,False,,c108,Solomon-100,100,1236,1
SA-Boltzmann,260.0,0.20751910004764795,True,8,1175.8771896185992,31.58,False,,c108,Solomon-100,100,1236,2
SA-Boltzmann,260.0,0.22353049996308982,True,8,1175.8771896185992,31.58,False,,c108,Solomon-100,100,1236,3
SA-Boltzmann,260.0,0.2412999999942258,True,8,1175.8771896185992,31.58,False,,c108,Solomon-100,100,1236,4
SA-Cauchy,300.0,0.24123709998093545,True,10,1199.2910022700903,21.05,False,,c108,Solomon-100,100,1236,0
SA-Cauchy,290.0,0.24936289992183447,True,11,1226.932304891733,23.68,False,,c108,Solomon-100,100,1236,1
SA-Cauchy,290.0,0.2222063000081107,True,9,1128.0888728190273,23.68,False,,c108,Solomon-100,100,1236,2
SA-Cauchy,320.0,0.23216260003391653,True,10,1178.4196583484008,15.79,False,,c108,Solomon-100,100,1236,3
SA-Cauchy,280.0,0.24994170002173632,True,11,1223.5182121519,26.32,False,,c108,Solomon-100,100,1236,4
Tabu,330.0,2.8093225000193343,True,9,1097.3108773911354,13.16,False,,c108,Solomon-100,100,1236,0
Tabu-Random,340.0,2.9179404000751674,True,10,1097.2938071025214,10.53,False,,c108,Solomon-100,100,1236,0
Genetic-Score,340.0,94.3794782999903,True,10,1143.0584392242858,0.0,False,,c106,Solomon-100,100,1236,4
Tabu-Random,330.0,2.872333399951458,True,9,1069.2596879028688,13.16,False,,c108,Solomon-100,100,1236,1
Tabu-Random,310.0,2.6235431999666616,True,8,975.2357159310164,18.42,False,,c108,Solomon-100,100,1236,2
Tabu-Random,310.0,2.7105621000519022,True,9,1090.43157610377,18.42,False,,c108,Solomon-100,100,1236,3
Tabu-Random,330.0,2.652291600010358,True,9,1092.3952546389,13.16,False,,c108,Solomon-100,100,1236,4
GRASP,350.0,21.53174000000581,True,11,1223.3830534469162,7.89,False,,c108,Solomon-100,100,1236,0
GRASP,350.0,21.28917659993749,True,11,1223.3830534469162,7.89,False,,c108,Solomon-100,100,1236,1
GRASP,360.0,21.670262100058608,True,11,1227.4475777581897,5.26,False,,c108,Solomon-100,100,1236,2
GRASP,350.0,21.716701800003648,True,10,1200.4194592681813,7.89,False,,c108,Solomon-100,100,1236,4
GRASP,350.0,23.837381900055334,True,10,1229.3123747685872,7.89,False,,c108,Solomon-100,100,1236,3
Genetic-Tailored,350.0,17.350731499958783,True,10,1167.9422136650892,7.89,False,,c108,Solomon-100,100,1236,0
Genetic-Tailored,360.0,23.42959499999415,True,11,1219.1792812439226,5.26,False,,c108,Solomon-100,100,1236,1
Genetic-Tailored,350.0,19.566616100026295,True,10,1126.8133151789561,7.89,False,,c108,Solomon-100,100,1236,3
Genetic-Tailored,360.0,31.17340700002387,True,11,1225.5764692282628,5.26,False,,c108,Solomon-100,100,1236,2
Greedy-Ratio,190.0,0.02749280002899468,True,8,1190.2878754535097,52.5,False,,c109,Solomon-100,100,1236,0
Greedy-Score,320.0,0.034309999900870025,True,9,1122.0395130732077,20.0,False,,c109,Solomon-100,100,1236,0
Greedy-Random,40.0,0.00527579989284277,True,4,1187.5524621639315,90.0,False,,c109,Solomon-100,100,1236,0
Greedy-Random,110.0,0.009367699967697263,True,7,1169.3192066159688,72.5,False,,c109,Solomon-100,100,1236,1
Greedy-Random,70.0,0.010871400008909404,True,5,1222.1924965752005,82.5,False,,c109,Solomon-100,100,1236,2
Greedy-Random,80.0,0.007281999918632209,True,6,1211.8703575161303,80.0,False,,c109,Solomon-100,100,1236,3
Greedy-Random,100.0,0.009960899944417179,True,6,1181.7826818235449,75.0,False,,c109,Solomon-100,100,1236,4
Genetic-Score,370.0,83.82730719994288,True,11,1222.8137018123052,0.0,False,,c107,Solomon-100,100,1236,1
Genetic-Score,370.0,93.41363029996864,True,11,1222.8137018123052,0.0,False,,c107,Solomon-100,100,1236,0
Genetic-Tailored,370.0,45.7935580998892,True,11,1230.4849616972515,2.63,False,,c108,Solomon-100,100,1236,4
Genetic-Score,370.0,96.74053459998686,True,11,1222.8137018123052,0.0,False,,c107,Solomon-100,100,1236,2
GRASP,380.0,35.29290349991061,True,11,1217.7164515556524,5.0,False,,c109,Solomon-100,100,1236,0
SA-Boltzmann,320.0,0.18772559997159988,True,9,1122.0395130732077,20.0,False,,c109,Solomon-100,100,1236,0
SA-Boltzmann,320.0,0.2366618000669405,True,9,1122.0395130732077,20.0,False,,c109,Solomon-100,100,1236,1
SA-Boltzmann,320.0,0.22079099994152784,True,9,1122.0395130732077,20.0,False,,c109,Solomon-100,100,1236,2
SA-Boltzmann,320.0,0.22176550002768636,True,9,1122.0395130732077,20.0,False,,c109,Solomon-100,100,1236,3
SA-Boltzmann,320.0,0.20210580003913492,True,9,1122.0395130732077,20.0,False,,c109,Solomon-100,100,1236,4
SA-Cauchy,340.0,0.2178686000406742,True,10,1162.5709755269963,15.0,False,,c109,Solomon-100,100,1236,0
SA-Cauchy,320.0,0.2095578999724239,True,9,1122.0395130732077,20.0,False,,c109,Solomon-100,100,1236,1
SA-Cauchy,340.0,0.2235408000415191,True,10,1219.4523829317973,15.0,False,,c109,Solomon-100,100,1236,2
SA-Cauchy,340.0,0.21737349999602884,True,11,1221.8038346608694,15.0,False,,c109,Solomon-100,100,1236,3
SA-Cauchy,330.0,0.2396146000828594,True,10,1177.0039818192845,17.5,False,,c109,Solomon-100,100,1236,4
Genetic-Score,370.0,98.48315129999537,True,11,1222.8137018123052,0.0,False,,c107,Solomon-100,100,1236,4
Tabu,370.0,3.3259058999828994,True,10,1159.3398824935339,7.5,False,,c109,Solomon-100,100,1236,0
Tabu-Random,380.0,3.399103899952024,True,11,1235.2499362764443,5.0,False,,c109,Solomon-100,100,1236,0
Genetic-Score,370.0,105.13574549998157,True,11,1222.102185348981,0.0,False,,c107,Solomon-100,100,1236,3
Tabu-Random,380.0,3.274042700068094,True,11,1234.9114263436009,5.0,False,,c109,Solomon-100,100,1236,1
Tabu-Random,350.0,3.166280600009486,True,9,1064.7620591403077,12.5,False,,c109,Solomon-100,100,1236,2
GRASP,380.0,33.27698580001015,True,11,1217.7164515556524,5.0,False,,c109,Solomon-100,100,1236,1
Tabu-Random,380.0,3.496376600000076,True,11,1235.2499362764443,5.0,False,,c109,Solomon-100,100,1236,3
Tabu-Random,380.0,3.0880036000162363,True,11,1235.2499362764443,5.0,False,,c109,Solomon-100,100,1236,4
GRASP,380.0,37.11659789993428,True,11,1208.5171596234377,5.0,False,,c109,Solomon-100,100,1236,2
GRASP,380.0,35.46153770003002,True,11,1217.7164515556524,5.0,False,,c109,Solomon-100,100,1236,3
GRASP,380.0,34.14185379992705,True,11,1211.177203877599,5.0,False,,c109,Solomon-100,100,1236,4
Genetic-Tailored,380.0,24.63026180001907,True,11,1217.7164515556524,5.0,False,,c109,Solomon-100,100,1236,3
Genetic-Tailored,380.0,27.110763099975884,True,11,1218.8214218562541,5.0,False,,c109,Solomon-100,100,1236,1
Genetic-Score,370.0,98.31995110004209,True,11,1230.4849616972515,2.63,False,,c108,Solomon-100,100,1236,0
Genetic-Tailored,380.0,32.99721040006261,True,11,1200.2143482234305,5.0,False,,c109,Solomon-100,100,1236,0
Greedy-Ratio,97.0,0.024337799986824393,True,4,228.768495053557,51.01,False,,r101,Solomon-100,100,230,0
Greedy-Score,95.0,0.020197699894197285,True,3,228.768495053557,52.02,False,,r101,Solomon-100,100,230,0
Greedy-Random,35.0,0.00409960001707077,True,3,219.0416305603426,82.32,False,,r101,Solomon-100,100,230,0
Greedy-Random,69.0,0.006902899942360818,True,4,228.768495053557,65.15,False,,r101,Solomon-100,100,230,1
Greedy-Random,15.0,0.002975099952891469,True,2,215.54101966249684,92.42,False,,r101,Solomon-100,100,230,2
Greedy-Random,56.0,0.005917100002989173,True,4,226.3494490484395,71.72,False,,r101,Solomon-100,100,230,3
Greedy-Random,36.0,0.006288799922913313,True,3,223.56439432334852,81.82,False,,r101,Solomon-100,100,230,4
Genetic-Score,370.0,102.99641329993028,True,11,1230.8190930063556,2.63,False,,c108,Solomon-100,100,1236,1
GRASP,182.0,5.4055500000249594,True,7,227.9444212456232,8.08,False,,r101,Solomon-100,100,230,0
Genetic-Tailored,380.0,31.25856499990914,True,11,1222.271453521179,5.0,False,,c109,Solomon-100,100,1236,4
GRASP,182.0,4.893251299974509,True,7,227.9444212456232,8.08,False,,r101,Solomon-100,100,230,1
GRASP,182.0,6.645242300000973,True,7,227.9444212456232,8.08,False,,r101,Solomon-100,100,230,2
GRASP,182.0,5.123086399980821,True,7,227.9444212456232,8.08,False,,r101,Solomon-100,100,230,3
SA-Boltzmann,95.0,0.18602429993916303,True,3,228.768495053557,52.02,False,,r101,Solomon-100,100,230,0
SA-Boltzmann,95.0,0.16110599995590746,True,3,228.768495053557,52.02,False,,r101,Solomon-100,100,230,2
SA-Boltzmann,97.0,0.23948460002429783,True,6,219.0553851381374,51.01,False,,r101,Solomon-100,100,230,1
SA-Boltzmann,95.0,0.15619100001640618,True,3,228.768495053557,52.02,False,,r101,Solomon-100,100,230,3
SA-Cauchy,134.0,0.18379319994710386,True,6,202.8028775489157,32.32,False,,r101,Solomon-100,100,230,0
SA-Boltzmann,135.0,0.38075509993359447,True,7,222.27933879948012,31.82,False,,r101,Solomon-100,100,230,4
SA-Cauchy,95.0,0.18348679994232953,True,3,228.768495053557,52.02,False,,r101,Solomon-100,100,230,1
SA-Cauchy,169.0,0.2055317999329418,True,8,219.0553851381374,14.65,False,,r101,Solomon-100,100,230,2
SA-Cauchy,106.0,0.17372680001426488,True,4,228.768495053557,46.46,False,,r101,Solomon-100,100,230,3
SA-Cauchy,144.0,0.17798570008017123,True,6,228.768495053557,27.27,False,,r101,Solomon-100,100,230,4
Genetic-Tailored,380.0,44.24340240005404,True,11,1226.231407748585,5.0,False,,c109,Solomon-100,100,1236,2
GRASP,182.0,5.498255899990909,True,7,227.9444212456232,8.08,False,,r101,Solomon-100,100,230,4
Tabu,182.0,1.8530667999293655,True,8,218.2484567313166,8.08,False,,r101,Solomon-100,100,230,0
Tabu-Random,182.0,2.0632940999930725,True,8,218.2484567313166,8.08,False,,r101,Solomon-100,100,230,0
Tabu-Random,142.0,1.6545603999402374,True,6,219.0553851381374,28.28,False,,r101,Solomon-100,100,230,1
Tabu-Random,142.0,1.6292651999974623,True,6,219.0553851381374,28.28,False,,r101,Solomon-100,100,230,2
Tabu-Random,171.0,1.9020842000609264,True,7,218.2484567313166,13.64,False,,r101,Solomon-100,100,230,3
Tabu-Random,182.0,2.029957599937916,True,8,218.2484567313166,8.08,False,,r101,Solomon-100,100,230,4
Genetic-Score,370.0,105.08903309993912,True,11,1230.4849616972515,2.63,False,,c108,Solomon-100,100,1236,3
Genetic-Score,370.0,108.65571660001297,True,11,1230.4849616972515,2.63,False,,c108,Solomon-100,100,1236,4
Genetic-Tailored,198.0,10.461512799956836,True,9,226.5190987163184,0.0,False,,r101,Solomon-100,100,230,0
Genetic-Tailored,198.0,10.346599200041965,True,9,226.5190987163184,0.0,False,,r101,Solomon-100,100,230,1
Genetic-Tailored,198.0,12.992824999964796,True,9,226.5190987163184,0.0,False,,r101,Solomon-100,100,230,2
Genetic-Tailored,179.0,11.3408889999846,True,7,228.768495053557,9.6,False,,r101,Solomon-100,100,230,4
Genetic-Tailored,198.0,15.587431300082244,True,9,226.5190987163184,0.0,False,,r101,Solomon-100,100,230,3
Greedy-Ratio,186.0,0.022366899996995926,True,7,228.80449381476487,34.97,False,,r102,Solomon-100,100,230,0
Greedy-Score,168.0,0.01845339999999851,True,5,227.95141200295714,41.26,False,,r102,Solomon-100,100,230,0
Greedy-Random,43.0,0.004688100074417889,True,3,223.32455532033677,84.97,False,,r102,Solomon-100,100,230,0
Greedy-Random,132.0,0.008121000020764768,True,7,227.9691873015756,53.85,False,,r102,Solomon-100,100,230,1
Greedy-Random,23.0,0.0037811000365763903,True,2,226.21874469790424,91.96,False,,r102,Solomon-100,100,230,2
Greedy-Random,35.0,0.005595700000412762,True,3,223.18166529940513,87.76,False,,r102,Solomon-100,100,230,3
Greedy-Random,53.0,0.005742100067436695,True,4,228.73452836047534,81.47,False,,r102,Solomon-100,100,230,4
Genetic-Score,370.0,131.45855350000784,True,11,1219.1899940906098,2.63,False,,c108,Solomon-100,100,1236,2
GRASP,286.0,22.966259100008756,True,11,228.24917803279357,0.0,False,,r102,Solomon-100,100,230,0
GRASP,286.0,21.24895999999717,True,11,228.24917803279357,0.0,False,,r102,Solomon-100,100,230,1
Genetic-Score,380.0,101.89832819998264,True,11,1203.7550685396886,5.0,False,,c109,Solomon-100,100,1236,0
GRASP,286.0,25.920894299983047,True,11,228.24917803279357,0.0,False,,r102,Solomon-100,100,230,2
SA-Boltzmann,205.0,0.16867739998269826,True,9,229.23958897407525,28.32,False,,r102,Solomon-100,100,230,0
SA-Boltzmann,168.0,0.16223250003531575,True,5,227.95141200295714,41.26,False,,r102,Solomon-100,100,230,1
SA-Boltzmann,176.0,0.16466009989380836,True,6,227.95141200295714,38.46,False,,r102,Solomon-100,100,230,2
SA-Boltzmann,168.0,0.15992810006719083,True,5,227.95141200295714,41.26,False,,r102,Solomon-100,100,230,3
SA-Boltzmann,177.0,0.1437094999710098,True,8,229.25029038734698,38.11,False,,r102,Solomon-100,100,230,4
SA-Cauchy,191.0,0.14543110004160553,True,9,218.65424630076967,33.22,False,,r102,Solomon-100,100,230,0
GRASP,286.0,21.77554050006438,True,11,228.24917803279357,0.0,False,,r102,Solomon-100,100,230,3
SA-Cauchy,214.0,0.2095149999950081,True,8,225.44467740997268,25.17,False,,r102,Solomon-100,100,230,1
SA-Cauchy,206.0,0.16174789995420724,True,7,227.95141200295714,27.97,False,,r102,Solomon-100,100,230,2
SA-Cauchy,216.0,0.17325650004204363,True,8,217.5145101171616,24.48,False,,r102,Solomon-100,100,230,3
SA-Cauchy,171.0,0.20438799995463341,True,6,227.95141200295714,40.21,False,,r102,Solomon-100,100,230,4
Tabu,273.0,2.3883998000528663,True,12,228.61071483709406,4.55,False,,r102,Solomon-100,100,230,0
Tabu-Random,270.0,2.5935459000756964,True,12,228.26433752247374,5.59,False,,r102,Solomon-100,100,230,0
Tabu-Random,277.0,2.6467472000513226,True,11,228.5855983241098,3.15,False,,r102,Solomon-100,100,230,1
Tabu-Random,259.0,2.6643771999515593,True,11,222.99696863600005,9.44,False,,r102,Solomon-100,100,230,2
Tabu-Random,274.0,2.638533000019379,True,12,226.06865599745342,4.2,False,,r102,Solomon-100,100,230,3
Tabu-Random,267.0,2.614563600043766,True,11,227.66659685582485,6.64,False,,r102,Solomon-100,100,230,4
Genetic-Score,197.0,65.94985090009868,True,9,222.5538854717788,0.51,False,,r101,Solomon-100,100,230,1
Genetic-Score,197.0,66.33862709999084,True,9,222.5538854717788,0.51,False,,r101,Solomon-100,100,230,2
Genetic-Score,197.0,69.00403359998018,True,9,222.5538854717788,0.51,False,,r101,Solomon-100,100,230,0
Genetic-Score,197.0,63.46308669995051,True,9,222.5538854717788,0.51,False,,r101,Solomon-100,100,230,4
Genetic-Score,197.0,64.58451519999653,True,9,222.5538854717788,0.51,False,,r101,Solomon-100,100,230,3
GRASP,286.0,25.161683100042865,True,11,228.24917803279357,0.0,False,,r102,Solomon-100,100,230,4
Genetic-Tailored,268.0,13.587646700092591,True,10,228.5855983241098,6.29,False,,r102,Solomon-100,100,230,2
Genetic-Tailored,263.0,14.494537999969907,True,10,224.93930928269359,8.04,False,,r102,Solomon-100,100,230,3
Genetic-Tailored,265.0,17.229331400012597,True,10,228.80449381476487,7.34,False,,r102,Solomon-100,100,230,0
Greedy-Ratio,93.0,0.016109099960885942,True,5,223.32455532033677,70.29,False,,r103,Solomon-100,100,230,0
Greedy-Score,168.0,0.018385399947874248,True,5,227.95141200295714,46.33,False,,r103,Solomon-100,100,230,0
Greedy-Random,77.0,0.005175700061954558,True,4,226.32524892425255,75.4,False,,r103,Solomon-100,100,230,0
Greedy-Random,41.0,0.0045767000410705805,True,3,225.54101966249684,86.9,False,,r103,Solomon-100,100,230,1
Greedy-Random,79.0,0.004159200005233288,True,3,228.90039682872055,74.76,False,,r103,Solomon-100,100,230,2
Greedy-Random,111.0,0.009692899999208748,True,6,229.0856132046114,64.54,False,,r103,Solomon-100,100,230,3
Greedy-Random,38.0,0.0049842000007629395,True,4,219.99879696212128,87.86,False,,r103,Solomon-100,100,230,4
Genetic-Tailored,262.0,18.61098540003877,True,10,222.74027913668246,8.39,False,,r102,Solomon-100,100,230,1
Genetic-Score,380.0,126.1214539000066,True,11,1203.6844648243687,5.0,False,,c109,Solomon-100,100,1236,1
Genetic-Tailored,277.0,25.766373799997382,True,11,225.19041512690723,3.15,False,,r102,Solomon-100,100,230,4
GRASP,286.0,17.057893400080502,True,10,222.31016575254674,8.63,False,,r103,Solomon-100,100,230,0
GRASP,283.0,18.204136200016364,True,10,224.09453955422254,9.58,False,,r103,Solomon-100,100,230,1
SA-Boltzmann,168.0,0.16406790004111826,True,5,227.95141200295714,46.33,False,,r103,Solomon-100,100,230,0
SA-Boltzmann,168.0,0.15018919995054603,True,5,227.95141200295714,46.33,False,,r103,Solomon-100,100,230,1
SA-Boltzmann,197.0,0.16662369994446635,True,9,228.3890593480545,37.06,False,,r103,Solomon-100,100,230,2
SA-Boltzmann,179.0,0.18147499999031425,True,6,227.95141200295714,42.81,False,,r103,Solomon-100,100,230,3
SA-Boltzmann,187.0,0.15862999996170402,True,11,223.04563363998258,40.26,False,,r103,Solomon-100,100,230,4
SA-Cauchy,190.0,0.16435169999022037,True,8,228.94493427663807,39.3,False,,r103,Solomon-100,100,230,0
SA-Cauchy,201.0,0.17450259998440742,True,8,227.32632925464893,35.78,False,,r103,Solomon-100,100,230,1
SA-Cauchy,197.0,0.17764809995424002,True,8,226.6746295039965,37.06,False,,r103,Solomon-100,100,230,2
SA-Cauchy,178.0,0.14999900001566857,True,7,229.03677693106633,43.13,False,,r103,Solomon-100,100,230,3
SA-Cauchy,192.0,0.1856765999691561,True,7,227.9464345524172,38.66,False,,r103,Solomon-100,100,230,4
GRASP,286.0,15.192323899944313,True,10,228.4778417852627,8.63,False,,r103,Solomon-100,100,230,2
Tabu,291.0,2.760516499984078,True,11,228.25444478765962,7.03,False,,r103,Solomon-100,100,230,0
Genetic-Score,380.0,138.0230920999311,True,11,1200.2143482234305,5.0,False,,c109,Solomon-100,100,1236,2
Tabu-Random,266.0,2.6017908999929205,True,11,227.0034789781338,15.02,False,,r103,Solomon-100,100,230,0
Tabu-Random,291.0,2.59826829994563,True,12,228.5855983241098,7.03,False,,r103,Solomon-100,100,230,1
Tabu-Random,259.0,2.6986204999266192,True,10,227.56709751136054,17.25,False,,r103,Solomon-100,100,230,2
Tabu-Random,283.0,2.7841217000968754,True,12,226.36655793301946,9.58,False,,r103,Solomon-100,100,230,3
Tabu-Random,283.0,2.4206675000023097,True,11,228.5855983241098,9.58,False,,r103,Solomon-100,100,230,4
Genetic-Score,380.0,140.1385081000626,True,11,1179.6970410676838,5.0,False,,c109,Solomon-100,100,1236,4
GRASP,288.0,23.778994199936278,True,10,228.5855983241098,7.99,False,,r103,Solomon-100,100,230,3
GRASP,286.0,22.21204380004201,True,10,222.31016575254674,8.63,False,,r103,Solomon-100,100,230,4
Genetic-Tailored,287.0,18.636465499992482,True,11,229.8660687473185,8.31,False,,r103,Solomon-100,100,230,1
Genetic-Tailored,262.0,14.028828899958171,True,10,221.23205500863799,16.29,False,,r103,Solomon-100,100,230,4
Genetic-Score,380.0,163.14897249999922,True,11,1179.6970410676838,5.0,False,,c109,Solomon-100,100,1236,3
Genetic-Tailored,286.0,21.627827300108038,True,10,222.31016575254674,8.63,False,,r103,Solomon-100,100,230,3
Genetic-Tailored,286.0,22.68350589997135,True,10,222.31016575254674,8.63,False,,r103,Solomon-100,100,230,2
Greedy-Ratio,128.0,0.01805620000232011,True,7,219.0553851381374,61.21,False,,r104,Solomon-100,100,230,0
Greedy-Score,171.0,0.017480400041677058,True,5,224.59160167906649,48.18,False,,r104,Solomon-100,100,230,0
Greedy-Random,71.0,0.0042935999808833,True,3,220.7404686410291,78.48,False,,r104,Solomon-100,100,230,0
Greedy-Random,43.0,0.003935099928639829,True,3,225.21320343559643,86.97,False,,r104,Solomon-100,100,230,1
Greedy-Random,25.0,0.002935500000603497,True,2,229.0416305603426,92.42,False,,r104,Solomon-100,100,230,2
Greedy-Random,64.0,0.005717599997296929,True,4,226.88273078692578,80.61,False,,r104,Solomon-100,100,230,3
Greedy-Random,44.0,0.005097000044770539,True,4,221.94117012348124,86.67,False,,r104,Solomon-100,100,230,4
Genetic-Tailored,288.0,39.02991080004722,True,11,226.93990341680956,7.99,False,,r103,Solomon-100,100,230,0
GRASP,297.0,27.919937999919057,True,11,227.34910704586878,10.0,False,,r104,Solomon-100,100,230,0
Genetic-Score,281.0,94.54540910001379,True,10,228.79359105379694,1.75,False,,r102,Solomon-100,100,230,1
GRASP,297.0,30.716034499928355,True,11,227.34910704586878,10.0,False,,r104,Solomon-100,100,230,1
Genetic-Score,282.0,100.6126677999273,True,11,227.67435151764218,1.4,False,,r102,Solomon-100,100,230,3
SA-Boltzmann,171.0,0.16035669995471835,True,5,224.59160167906649,48.18,False,,r104,Solomon-100,100,230,0
SA-Boltzmann,171.0,0.1993825000245124,True,5,224.59160167906649,48.18,False,,r104,Solomon-100,100,230,1
SA-Boltzmann,185.0,0.17567670007701963,True,9,224.6779568434784,43.94,False,,r104,Solomon-100,100,230,2
SA-Boltzmann,215.0,0.18884149997029454,True,9,229.1186757427393,34.85,False,,r104,Solomon-100,100,230,3
SA-Boltzmann,171.0,0.16834019997622818,True,5,224.59160167906649,48.18,False,,r104,Solomon-100,100,230,4
SA-Cauchy,210.0,0.1608426000457257,True,7,229.23395924444338,36.36,False,,r104,Solomon-100,100,230,0
SA-Cauchy,198.0,0.24122269998770207,True,6,222.628270753903,40.0,False,,r104,Solomon-100,100,230,1
SA-Cauchy,192.0,0.14848740003071725,True,7,228.42525314150322,41.82,False,,r104,Solomon-100,100,230,2
SA-Cauchy,215.0,0.19184109999332577,True,8,229.28157636894903,34.85,False,,r104,Solomon-100,100,230,3
SA-Cauchy,206.0,0.1636260999366641,True,7,228.05749395410936,37.58,False,,r104,Solomon-100,100,230,4
Genetic-Score,281.0,113.7710378000047,True,11,228.5855983241098,1.75,False,,r102,Solomon-100,100,230,0
Genetic-Score,282.0,105.41510990005918,True,11,227.67435151764218,1.4,False,,r102,Solomon-100,100,230,2
Tabu,290.0,2.5233649000292644,True,11,228.19332116592733,12.12,False,,r104,Solomon-100,100,230,0
Tabu-Random,279.0,2.946756000048481,True,11,222.27316655630327,15.45,False,,r104,Solomon-100,100,230,0
Tabu-Random,282.0,2.4765516000334173,True,10,229.2609243592255,14.55,False,,r104,Solomon-100,100,230,1
GRASP,292.0,23.74771770008374,True,11,228.9666402567082,11.52,False,,r104,Solomon-100,100,230,3
Tabu-Random,241.0,2.576549799996428,True,12,228.14713927989303,26.97,False,,r104,Solomon-100,100,230,2
GRASP,289.0,25.07297789992299,True,10,222.7534280701584,12.42,False,,r104,Solomon-100,100,230,2
Tabu-Random,289.0,2.36478290008381,True,12,228.08709593420576,12.42,False,,r104,Solomon-100,100,230,3
Tabu-Random,282.0,2.7943397000199184,True,11,224.82613855917373,14.55,False,,r104,Solomon-100,100,230,4
Genetic-Score,282.0,113.90165070001967,True,11,227.67435151764218,1.4,False,,r102,Solomon-100,100,230,4
GRASP,292.0,27.026484200032428,True,11,228.9666402567082,11.52,False,,r104,Solomon-100,100,230,4
Genetic-Tailored,281.0,27.958940500044264,True,10,221.561992277408,14.85,False,,r104,Solomon-100,100,230,3
Genetic-Tailored,298.0,32.94645799999125,True,11,227.7593049569028,9.7,False,,r104,Solomon-100,100,230,2
Genetic-Tailored,298.0,34.39879739994649,True,11,227.94359123157233,9.7,False,,r104,Solomon-100,100,230,4
Genetic-Tailored,298.0,51.75450329994783,True,11,227.94359123157233,9.7,False,,r104,Solomon-100,100,230,1
Greedy-Ratio,88.0,0.017302799969911575,True,5,214.40591953609157,65.76,False,,r105,Solomon-100,100,230,0
Greedy-Score,99.0,0.01860010006930679,True,3,223.69138203797237,61.48,False,,r105,Solomon-100,100,230,0
Greedy-Random,32.0,0.005452299956232309,True,3,223.31706448606184,87.55,False,,r105,Solomon-100,100,230,0
Greedy-Random,87.0,0.008725999970920384,True,4,228.9099437442438,66.15,False,,r105,Solomon-100,100,230,1
Greedy-Random,46.0,0.004349100054241717,True,3,203.59258973001704,82.1,False,,r105,Solomon-100,100,230,2
Greedy-Random,38.0,0.0042545999167487025,True,3,211.7331715907213,85.21,False,,r105,Solomon-100,100,230,3
Greedy-Random,88.0,0.007505699992179871,True,5,228.88529211322137,65.76,False,,r105,Solomon-100,100,230,4
Genetic-Tailored,300.0,52.22764310007915,True,12,228.30639773198354,9.09,False,,r104,Solomon-100,100,230,0
Genetic-Score,290.0,110.26405060000252,True,11,228.5855983241098,7.35,False,,r103,Solomon-100,100,230,1
GRASP,229.0,10.088102599955164,True,9,228.9099437442438,10.89,False,,r105,Solomon-100,100,230,2
GRASP,211.0,10.931393899954855,True,8,227.26582981636017,17.9,False,,r105,Solomon-100,100,230,0
GRASP,227.0,10.925798799959011,True,8,227.482796281075,11.67,False,,r105,Solomon-100,100,230,1
SA-Boltzmann,143.0,0.21046199998818338,True,6,219.25659759897147,44.36,False,,r105,Solomon-100,100,230,0
SA-Boltzmann,137.0,0.24982589995488524,True,6,212.1731253839528,46.69,False,,r105,Solomon-100,100,230,1
SA-Boltzmann,122.0,0.21317389991600066,True,4,218.768495053557,52.53,False,,r105,Solomon-100,100,230,2
SA-Boltzmann,99.0,0.24458220007363707,True,3,223.69138203797237,61.48,False,,r105,Solomon-100,100,230,3
SA-Boltzmann,142.0,0.20735879999119788,True,5,223.69138203797237,44.75,False,,r105,Solomon-100,100,230,4
SA-Cauchy,110.0,0.23158859997056425,True,4,223.69138203797237,57.2,False,,r105,Solomon-100,100,230,0
SA-Cauchy,141.0,0.2662050999933854,True,7,228.9099437442438,45.14,False,,r105,Solomon-100,100,230,1
SA-Cauchy,142.0,0.24796120007522404,True,5,205.4009345590327,44.75,False,,r105,Solomon-100,100,230,2
SA-Cauchy,153.0,0.308655499946326,True,8,222.80565993999593,40.47,False,,r105,Solomon-100,100,230,3
SA-Cauchy,112.0,0.3278741999529302,True,7,226.89348891751942,56.42,False,,r105,Solomon-100,100,230,4
Genetic-Score,290.0,120.1565499000717,True,11,228.5855983241098,7.35,False,,r103,Solomon-100,100,230,3
Tabu,236.0,2.812619899981655,True,10,227.31907816313674,8.17,False,,r105,Solomon-100,100,230,0
Tabu-Random,207.0,2.2041909999679774,True,9,222.09701569848002,19.46,False,,r105,Solomon-100,100,230,0
Genetic-Score,290.0,126.8825446999399,True,11,228.5855983241098,7.35,False,,r103,Solomon-100,100,230,2
Tabu-Random,227.0,2.3610462000360712,True,10,218.20774999320452,11.67,False,,r105,Solomon-100,100,230,2
Tabu-Random,247.0,2.600971100036986,True,11,228.47071086292686,3.89,False,,r105,Solomon-100,100,230,1
GRASP,229.0,10.294242199975997,True,9,228.9099437442438,10.89,False,,r105,Solomon-100,100,230,3
Tabu-Random,201.0,2.1468014999991283,True,7,205.4009345590327,21.79,False,,r105,Solomon-100,100,230,4
Tabu-Random,197.0,2.401268700021319,True,8,227.0598665717789,23.35,False,,r105,Solomon-100,100,230,3
GRASP,211.0,16.607528100023046,True,8,227.26582981636017,17.9,False,,r105,Solomon-100,100,230,4
Genetic-Score,290.0,149.77568340010475,True,11,228.5855983241098,7.35,False,,r103,Solomon-100,100,230,0
Genetic-Score,290.0,139.96288969996385,True,11,228.5855983241098,7.35,False,,r103,Solomon-100,100,230,4
Genetic-Tailored,232.0,9.202573999995366,True,9,228.9099437442438,9.73,False,,r105,Solomon-100,100,230,4
Genetic-Tailored,247.0,15.524593399954028,True,11,228.47071086292686,3.89,False,,r105,Solomon-100,100,230,3
Genetic-Tailored,207.0,15.746621800004505,True,9,222.09701569848002,19.46,False,,r105,Solomon-100,100,230,2
Genetic-Tailored,207.0,16.70399810001254,True,9,222.09701569848002,19.46,False,,r105,Solomon-100,100,230,1
Greedy-Ratio,110.0,0.014377699932083488,True,6,222.5759630197012,62.46,False,,r106,Solomon-100,100,230,0
Greedy-Score,168.0,0.015436200075782835,True,5,217.95141200295714,42.66,False,,r106,Solomon-100,100,230,0
Greedy-Random,81.0,0.0036189999664202332,True,3,228.80035078320506,72.35,False,,r106,Solomon-100,100,230,0
Greedy-Random,23.0,0.002861800021491945,True,2,212.21874469790424,92.15,False,,r106,Solomon-100,100,230,1
Greedy-Random,24.0,0.0029003999661654234,True,2,222.14244772958543,91.81,False,,r106,Solomon-100,100,230,2
Greedy-Random,121.0,0.008336200029589236,True,7,229.08405620065068,58.7,False,,r106,Solomon-100,100,230,3
Greedy-Random,41.0,0.004254800034686923,True,4,225.64895253834104,86.01,False,,r106,Solomon-100,100,230,4
Genetic-Tailored,240.0,20.3363551000366,True,12,228.48604671610929,6.61,False,,r105,Solomon-100,100,230,0
GRASP,286.0,23.714769800077192,True,11,229.19882820998427,2.39,False,,r106,Solomon-100,100,230,0
GRASP,277.0,22.948866999940947,True,10,223.8150026511098,5.46,False,,r106,Solomon-100,100,230,1
Genetic-Score,297.0,121.3901451000711,True,11,221.80964460418755,10.0,False,,r104,Solomon-100,100,230,0
GRASP,293.0,24.37312739994377,True,11,229.1868472448359,0.0,False,,r106,Solomon-100,100,230,2
SA-Boltzmann,168.0,0.13699989998713136,True,5,217.95141200295714,42.66,False,,r106,Solomon-100,100,230,0
SA-Boltzmann,168.0,0.16547530004754663,True,5,217.95141200295714,42.66,False,,r106,Solomon-100,100,230,1
SA-Boltzmann,187.0,0.13588280009571463,True,7,229.54824082881285,36.18,False,,r106,Solomon-100,100,230,2
SA-Boltzmann,168.0,0.1343462000368163,True,5,217.95141200295714,42.66,False,,r106,Solomon-100,100,230,3
SA-Boltzmann,168.0,0.1500175999244675,True,5,217.95141200295714,42.66,False,,r106,Solomon-100,100,230,4
SA-Cauchy,199.0,0.14140199997927994,True,8,227.2100240222472,32.08,False,,r106,Solomon-100,100,230,0
SA-Cauchy,213.0,0.15254240005742759,True,8,229.21986988696608,27.3,False,,r106,Solomon-100,100,230,1
GRASP,293.0,24.317986299982294,True,11,229.1868472448359,0.0,False,,r106,Solomon-100,100,230,3
SA-Cauchy,179.0,0.16951059992425144,True,6,225.64561577193763,38.91,False,,r106,Solomon-100,100,230,2
SA-Cauchy,228.0,0.15146719990298152,True,9,225.3691706498934,22.18,False,,r106,Solomon-100,100,230,4
SA-Cauchy,200.0,0.20473299990408123,True,7,228.65228624610083,31.74,False,,r106,Solomon-100,100,230,3
Tabu,286.0,2.173846899997443,True,11,228.10918646678462,2.39,False,,r106,Solomon-100,100,230,0
Tabu-Random,269.0,2.817403099965304,True,11,227.91566634739678,8.19,False,,r106,Solomon-100,100,230,0
Genetic-Score,297.0,108.6567024999531,True,11,221.80964460418758,10.0,False,,r104,Solomon-100,100,230,3
Tabu-Random,289.0,2.2804062999784946,True,11,226.39296646828092,1.37,False,,r106,Solomon-100,100,230,1
Tabu-Random,275.0,2.0824313000775874,True,10,225.88140643754713,6.14,False,,r106,Solomon-100,100,230,3
Tabu-Random,281.0,2.882035300019197,True,10,228.79359105379694,4.1,False,,r106,Solomon-100,100,230,2
Genetic-Score,297.0,126.1399799999781,True,11,221.80964460418758,10.0,False,,r104,Solomon-100,100,230,1
Tabu-Random,268.0,2.316511599929072,True,11,228.8510364141407,8.53,False,,r106,Solomon-100,100,230,4
Genetic-Score,297.0,118.55821459996514,True,11,221.80964460418758,10.0,False,,r104,Solomon-100,100,230,2
GRASP,293.0,21.138578999903984,True,11,229.1868472448359,0.0,False,,r106,Solomon-100,100,230,4
Genetic-Score,297.0,120.93038180004805,True,11,221.80964460418755,10.0,False,,r104,Solomon-100,100,230,4
Genetic-Tailored,277.0,14.03310290002264,True,11,226.79261552689582,5.46,False,,r106,Solomon-100,100,230,0
Genetic-Tailored,270.0,14.74178399995435,True,10,224.59351512797528,7.85,False,,r106,Solomon-100,100,230,1
Genetic-Tailored,281.0,14.898336099926382,True,10,227.50589966392926,4.1,False,,r106,Solomon-100,100,230,2
Genetic-Tailored,270.0,18.47350690001622,True,10,221.75098394785712,7.85,False,,r106,Solomon-100,100,230,3
Greedy-Ratio,110.0,0.02331019996199757,True,6,222.5759630197012,65.08,False,,r107,Solomon-100,100,230,0
Greedy-Score,168.0,0.04228059994056821,True,5,217.95141200295714,46.67,False,,r107,Solomon-100,100,230,0
Greedy-Random,132.0,0.017368500004522502,True,6,225.01808574664557,58.1,False,,r107,Solomon-100,100,230,0
Greedy-Random,39.0,0.016747900051996112,True,3,225.42521787904062,87.62,False,,r107,Solomon-100,100,230,1
Greedy-Random,114.0,0.019436800037510693,True,6,221.90990610486426,63.81,False,,r107,Solomon-100,100,230,2
Greedy-Random,85.0,0.013304400024935603,True,5,228.48491034561368,73.02,False,,r107,Solomon-100,100,230,3
Greedy-Random,92.0,0.01878840010613203,True,5,228.3534623237414,70.79,False,,r107,Solomon-100,100,230,4
Genetic-Score,247.0,77.15807980007958,True,11,228.47071086292686,3.89,False,,r105,Solomon-100,100,230,3
Genetic-Score,247.0,81.85919069999363,True,11,228.47071086292686,3.89,False,,r105,Solomon-100,100,230,0
Genetic-Score,247.0,81.83340830006637,True,11,228.47071086292686,3.89,False,,r105,Solomon-100,100,230,1
Genetic-Score,247.0,80.1918021000456,True,11,228.47071086292686,3.89,False,,r105,Solomon-100,100,230,4
Genetic-Score,247.0,82.2019685000414,True,11,228.47071086292686,3.89,False,,r105,Solomon-100,100,230,2
SA-Boltzmann,168.0,0.18267949996516109,True,5,217.95141200295714,46.67,False,,r107,Solomon-100,100,230,0
SA-Boltzmann,168.0,0.15545940003357828,True,5,217.95141200295714,46.67,False,,r107,Solomon-100,100,230,1
SA-Boltzmann,181.0,0.14778230001684278,True,6,179.55838706060442,42.54,False,,r107,Solomon-100,100,230,2
SA-Boltzmann,178.0,0.16390489996410906,True,10,229.26263663622464,43.49,False,,r107,Solomon-100,100,230,3
Genetic-Tailored,272.0,24.388727999990806,True,10,228.12880984535965,7.17,False,,r106,Solomon-100,100,230,4
SA-Boltzmann,168.0,0.18254850001540035,True,5,217.95141200295714,46.67,False,,r107,Solomon-100,100,230,4
SA-Cauchy,231.0,0.20163819997105747,True,9,219.6460246397521,26.67,False,,r107,Solomon-100,100,230,0
SA-Cauchy,209.0,0.22062799998093396,True,8,228.23486813178636,33.65,False,,r107,Solomon-100,100,230,1
SA-Cauchy,173.0,0.15103090007323772,True,8,227.2897638664136,45.08,False,,r107,Solomon-100,100,230,2
SA-Cauchy,205.0,0.1718514000531286,True,8,228.8717124339523,34.92,False,,r107,Solomon-100,100,230,4
SA-Cauchy,189.0,0.29113599995616823,True,8,224.7018125744362,40.0,False,,r107,Solomon-100,100,230,3
Tabu,289.0,2.3788900000508875,True,11,227.092963468434,8.25,False,,r107,Solomon-100,100,230,0
Tabu-Random,293.0,2.9009484999114648,True,11,227.43958513799353,6.98,False,,r107,Solomon-100,100,230,0
Tabu-Random,293.0,2.5996282999403775,True,11,227.43958513799353,6.98,False,,r107,Solomon-100,100,230,1
Tabu-Random,296.0,2.988518700003624,True,13,228.97678643681533,6.03,False,,r107,Solomon-100,100,230,2
Tabu-Random,274.0,2.6586600999580696,True,11,229.26772693246852,13.02,False,,r107,Solomon-100,100,230,3
Tabu-Random,293.0,2.949138499912806,True,11,227.43958513799353,6.98,False,,r107,Solomon-100,100,230,4
GRASP,289.0,21.726443400024436,True,10,228.31016575254674,8.25,False,,r107,Solomon-100,100,230,1
GRASP,289.0,24.807823100010864,True,10,228.31016575254674,8.25,False,,r107,Solomon-100,100,230,0
GRASP,289.0,24.666361700044945,True,10,228.31016575254674,8.25,False,,r107,Solomon-100,100,230,2
GRASP,289.0,22.09172679996118,True,10,228.31016575254674,8.25,False,,r107,Solomon-100,100,230,4
GRASP,289.0,24.862538299988955,True,10,228.31016575254674,8.25,False,,r107,Solomon-100,100,230,3
Genetic-Tailored,289.0,21.64434480003547,True,10,228.31016575254674,8.25,False,,r107,Solomon-100,100,230,0
Genetic-Tailored,277.0,16.05924390000291,True,11,228.8455680098504,12.06,False,,r107,Solomon-100,100,230,2
Genetic-Tailored,274.0,25.37679179990664,True,11,224.95462395751133,13.02,False,,r107,Solomon-100,100,230,1
Genetic-Tailored,275.0,22.30589920002967,True,11,226.23572502563636,12.7,False,,r107,Solomon-100,100,230,3
Greedy-Ratio,155.0,0.022572999936528504,True,8,222.09147019991318,53.03,False,,r108,Solomon-100,100,230,0
Greedy-Score,171.0,0.026002799975685775,True,5,224.59160167906649,48.18,False,,r108,Solomon-100,100,230,0
Greedy-Random,83.0,0.010502499993890524,True,6,225.28733566805158,74.85,False,,r108,Solomon-100,100,230,0
Greedy-Random,80.0,0.009751299978233874,True,5,229.8293144295563,75.76,False,,r108,Solomon-100,100,230,1
Greedy-Random,52.0,0.006364100030623376,True,4,217.0555127546399,84.24,False,,r108,Solomon-100,100,230,2
Greedy-Random,80.0,0.009947799961082637,True,4,222.9151965761689,75.76,False,,r108,Solomon-100,100,230,3
Greedy-Random,84.0,0.02981570002157241,True,5,226.04640863481745,74.55,False,,r108,Solomon-100,100,230,4
Genetic-Tailored,283.0,34.930373699986376,True,12,228.92656211480787,10.16,False,,r107,Solomon-100,100,230,4
GRASP,296.0,25.69153609999921,True,12,228.33828938295918,10.3,False,,r108,Solomon-100,100,230,0
Genetic-Score,289.0,92.83648820000235,True,11,226.39296646828092,1.37,False,,r106,Solomon-100,100,230,0
GRASP,292.0,25.844427799922414,True,12,227.2312411825279,11.52,False,,r108,Solomon-100,100,230,1
Genetic-Score,289.0,98.96798730001319,True,11,226.39296646828092,1.37,False,,r106,Solomon-100,100,230,2
SA-Boltzmann,171.0,0.20554100000299513,True,5,224.59160167906649,48.18,False,,r108,Solomon-100,100,230,0
SA-Boltzmann,171.0,0.16096769995056093,True,5,224.59160167906649,48.18,False,,r108,Solomon-100,100,230,1
SA-Boltzmann,171.0,0.1712076999247074,True,5,224.59160167906649,48.18,False,,r108,Solomon-100,100,230,2
SA-Boltzmann,176.0,0.17200800008140504,True,8,228.75940894912102,46.67,False,,r108,Solomon-100,100,230,3
SA-Boltzmann,171.0,0.139050199999474,True,5,224.59160167906649,48.18,False,,r108,Solomon-100,100,230,4
SA-Cauchy,204.0,0.23064849991351366,True,7,229.4663602336697,38.18,False,,r108,Solomon-100,100,230,0
SA-Cauchy,191.0,0.20857010001782328,True,6,229.4892525713942,42.12,False,,r108,Solomon-100,100,230,1
SA-Cauchy,188.0,0.14618210005573928,True,6,220.47122384351292,43.03,False,,r108,Solomon-100,100,230,2
SA-Cauchy,212.0,0.23018219997175038,True,7,226.01919528271648,35.76,False,,r108,Solomon-100,100,230,3
SA-Cauchy,206.0,0.21756769996136427,True,7,226.34454310837137,37.58,False,,r108,Solomon-100,100,230,4
Tabu,293.0,2.69463360006921,True,12,228.2543990057243,11.21,False,,r108,Solomon-100,100,230,0
Genetic-Score,287.0,101.38012650003657,True,11,228.83237672738431,2.05,False,,r106,Solomon-100,100,230,4
Tabu-Random,284.0,3.1963584000477567,True,12,227.9934608299565,13.94,False,,r108,Solomon-100,100,230,0
Tabu-Random,293.0,3.311947299982421,True,12,228.80564567770827,11.21,False,,r108,Solomon-100,100,230,1
Genetic-Score,289.0,107.68568520003464,True,11,226.39296646828092,1.37,False,,r106,Solomon-100,100,230,3
GRASP,287.0,30.307920999941416,True,12,226.29705262500036,13.03,False,,r108,Solomon-100,100,230,2
Tabu-Random,273.0,2.596760699991137,True,10,222.2282395638168,17.27,False,,r108,Solomon-100,100,230,2
Tabu-Random,289.0,2.9498176999622956,True,11,229.1615405370287,12.42,False,,r108,Solomon-100,100,230,3
Tabu-Random,293.0,2.5547573999501765,True,12,227.8600929028473,11.21,False,,r108,Solomon-100,100,230,4
GRASP,292.0,26.37534789997153,True,11,228.38102239718066,11.52,False,,r108,Solomon-100,100,230,3
GRASP,297.0,33.750462700030766,True,11,228.31859724189576,10.0,False,,r108,Solomon-100,100,230,4
Genetic-Score,289.0,132.60763270000461,True,11,226.39296646828092,1.37,False,,r106,Solomon-100,100,230,1
Genetic-Tailored,292.0,24.214126500068232,True,12,227.2312411825279,11.52,False,,r108,Solomon-100,100,230,2
Genetic-Score,297.0,105.02182489994448,True,11,227.36638228657588,5.71,False,,r107,Solomon-100,100,230,0
Genetic-Score,297.0,105.03564949997235,True,11,227.36638228657588,5.71,False,,r107,Solomon-100,100,230,1
Genetic-Score,297.0,102.05375009996351,True,11,227.36638228657588,5.71,False,,r107,Solomon-100,100,230,2
Greedy-Ratio,129.0,0.019316400052048266,True,7,221.26204618890014,59.31,False,,r109,Solomon-100,100,230,0
Greedy-Score,115.0,0.024866499938070774,True,4,229.97388833905364,63.72,False,,r109,Solomon-100,100,230,0
Greedy-Random,42.0,0.002904099994339049,True,2,214.6362132566718,86.75,False,,r109,Solomon-100,100,230,0
Greedy-Random,58.0,0.008457900024950504,True,6,220.1251858459747,81.7,False,,r109,Solomon-100,100,230,1
Greedy-Random,94.0,0.006825400050729513,True,6,202.85309214456723,70.35,False,,r109,Solomon-100,100,230,2
Greedy-Random,66.0,0.004526600008830428,True,4,219.90413315607412,79.18,False,,r109,Solomon-100,100,230,3
Greedy-Random,75.0,0.004775199922733009,True,4,223.05325689555573,76.34,False,,r109,Solomon-100,100,230,4
Genetic-Tailored,281.0,34.37547760002781,True,10,226.17641895355985,14.85,False,,r108,Solomon-100,100,230,4
Genetic-Tailored,292.0,38.04966769996099,True,12,228.85602356642966,11.52,False,,r108,Solomon-100,100,230,1
Genetic-Tailored,298.0,40.18143640004564,True,13,228.55210805550462,9.7,False,,r108,Solomon-100,100,230,3
Genetic-Score,297.0,104.31215289991815,True,11,227.36638228657588,5.71,False,,r107,Solomon-100,100,230,4
Genetic-Tailored,290.0,43.54779260000214,True,11,228.91383500554508,12.12,False,,r108,Solomon-100,100,230,0
SA-Boltzmann,143.0,0.1849132999777794,True,9,215.19664045633377,54.89,False,,r109,Solomon-100,100,230,0
SA-Boltzmann,115.0,0.18310919997747988,True,4,229.97388833905364,63.72,False,,r109,Solomon-100,100,230,1
Genetic-Score,297.0,107.89604260004126,True,11,227.36638228657588,5.71,False,,r107,Solomon-100,100,230,3
SA-Boltzmann,137.0,0.15163390000816435,True,8,227.99148307195654,56.78,False,,r109,Solomon-100,100,230,2
SA-Boltzmann,124.0,0.16294820001348853,True,6,226.64791508490933,60.88,False,,r109,Solomon-100,100,230,3
SA-Boltzmann,161.0,0.1692683999426663,True,7,227.84018681688005,49.21,False,,r109,Solomon-100,100,230,4
SA-Cauchy,128.0,0.18066860001999885,True,8,221.75857976011554,59.62,False,,r109,Solomon-100,100,230,1
SA-Cauchy,139.0,0.21886319993063807,True,7,229.30231979785106,56.15,False,,r109,Solomon-100,100,230,0
SA-Cauchy,185.0,0.20180019992403686,True,8,222.58720137667714,41.64,False,,r109,Solomon-100,100,230,2
SA-Cauchy,184.0,0.2220745999366045,True,8,222.87369986960354,41.96,False,,r109,Solomon-100,100,230,3
SA-Cauchy,186.0,0.18688159994781017,True,8,229.97388833905364,41.32,False,,r109,Solomon-100,100,230,4
Tabu,277.0,2.5148984999395907,True,12,226.69074844116963,12.62,False,,r109,Solomon-100,100,230,0
Tabu-Random,277.0,2.6007365999976173,True,12,227.48743971650597,12.62,False,,r109,Solomon-100,100,230,0
Tabu-Random,225.0,2.2358848999720067,True,10,220.0410061691907,29.02,False,,r109,Solomon-100,100,230,2
Tabu-Random,276.0,2.672367100021802,True,11,223.05078735419266,12.93,False,,r109,Solomon-100,100,230,1
Tabu-Random,235.0,2.2471915999194607,True,11,224.7736891168835,25.87,False,,r109,Solomon-100,100,230,4
Tabu-Random,277.0,2.597468400024809,True,12,228.76261366163425,12.62,False,,r109,Solomon-100,100,230,3
GRASP,276.0,17.05749759997707,True,11,221.40404593137544,12.93,False,,r109,Solomon-100,100,230,0
GRASP,276.0,17.243980700033717,True,11,221.40404593137544,12.93,False,,r109,Solomon-100,100,230,1
GRASP,276.0,19.234842099947855,True,11,221.40404593137544,12.93,False,,r109,Solomon-100,100,230,2
GRASP,274.0,16.522817499935627,True,11,226.9514354296542,13.56,False,,r109,Solomon-100,100,230,4
GRASP,276.0,20.099281699978746,True,11,221.40404593137544,12.93,False,,r109,Solomon-100,100,230,3
Genetic-Tailored,267.0,17.054120299988426,True,11,219.0210412299195,15.77,False,,r109,Solomon-100,100,230,0
Genetic-Tailored,277.0,17.46506680001039,True,12,227.9659223862979,12.62,False,,r109,Solomon-100,100,230,2
Genetic-Tailored,277.0,27.23991930007469,True,12,226.69074844116963,12.62,False,,r109,Solomon-100,100,230,3
Genetic-Tailored,276.0,38.94771859992761,True,11,221.40404593137544,12.93,False,,r109,Solomon-100,100,230,4
Greedy-Ratio,156.0,0.02107709995470941,True,9,228.32134115371267,50.94,False,,r110,Solomon-100,100,230,0
Greedy-Score,127.0,0.021338799968361855,True,4,224.6198704940246,60.06,False,,r110,Solomon-100,100,230,0
Greedy-Random,77.0,0.004897799924947321,True,4,225.1546191045861,75.79,False,,r110,Solomon-100,100,230,0
Greedy-Random,112.0,0.010150699992664158,True,6,224.0672949947384,64.78,False,,r110,Solomon-100,100,230,1
Greedy-Random,81.0,0.00760370003990829,True,6,218.16171669746794,74.53,False,,r110,Solomon-100,100,230,2
Greedy-Random,71.0,0.007243099971674383,True,4,229.16453471148307,77.67,False,,r110,Solomon-100,100,230,3
Greedy-Random,51.0,0.005925499950535595,True,5,229.78752263277443,83.96,False,,r110,Solomon-100,100,230,4
Genetic-Tailored,277.0,51.14689269999508,True,12,226.69074844116963,12.62,False,,r109,Solomon-100,100,230,1
GRASP,263.0,18.535801099962555,True,11,229.35160729343482,17.3,False,,r110,Solomon-100,100,230,0
GRASP,281.0,22.95055800001137,True,12,226.6236586400659,11.64,False,,r110,Solomon-100,100,230,1
GRASP,268.0,21.739147200016305,True,10,223.68941941408804,15.72,False,,r110,Solomon-100,100,230,2
Genetic-Score,297.0,112.92908389994409,True,11,221.80964460418755,10.0,False,,r108,Solomon-100,100,230,4
SA-Boltzmann,155.0,0.18462900002487004,True,8,226.5097855933106,51.26,False,,r110,Solomon-100,100,230,0
SA-Boltzmann,127.0,0.1526148000266403,True,4,224.6198704940246,60.06,False,,r110,Solomon-100,100,230,1
SA-Boltzmann,163.0,0.20688229997176677,True,7,226.08624187445162,48.74,False,,r110,Solomon-100,100,230,2
SA-Boltzmann,127.0,0.17245439998805523,True,4,224.6198704940246,60.06,False,,r110,Solomon-100,100,230,3
SA-Boltzmann,127.0,0.18672040000092238,True,4,224.6198704940246,60.06,False,,r110,Solomon-100,100,230,4
SA-Cauchy,167.0,0.19599090004339814,True,9,229.54513050340293,47.48,False,,r110,Solomon-100,100,230,0
SA-Cauchy,164.0,0.19449689995963126,True,7,225.82529565828722,48.43,False,,r110,Solomon-100,100,230,1
SA-Cauchy,192.0,0.21231660002376884,True,8,228.95265560010452,39.62,False,,r110,Solomon-100,100,230,2
SA-Cauchy,153.0,0.21550379996187985,True,6,222.37755832643194,51.89,False,,r110,Solomon-100,100,230,3
Genetic-Score,297.0,120.40593489992898,True,11,221.80964460418755,10.0,False,,r108,Solomon-100,100,230,2
SA-Cauchy,167.0,0.1920725000090897,True,7,226.0324364709188,47.48,False,,r110,Solomon-100,100,230,4
Tabu,281.0,2.475808599963784,True,11,227.61152049872595,11.64,False,,r110,Solomon-100,100,230,0
Genetic-Score,276.0,88.05133679998107,True,11,221.40404593137544,12.93,False,,r109,Solomon-100,100,230,0
Tabu-Random,236.0,2.577330100000836,True,12,228.59682252316372,25.79,False,,r110,Solomon-100,100,230,0
GRASP,281.0,22.07351480005309,True,12,226.6236586400659,11.64,False,,r110,Solomon-100,100,230,3
Tabu-Random,225.0,2.1062825999688357,True,10,228.0096656703888,29.25,False,,r110,Solomon-100,100,230,1
Tabu-Random,238.0,2.3716409999178723,True,11,226.9445662517499,25.16,False,,r110,Solomon-100,100,230,2
Tabu-Random,267.0,2.7812808000016958,True,11,228.42166175672708,16.04,False,,r110,Solomon-100,100,230,3
Tabu-Random,281.0,2.535469000111334,True,11,227.61152049872595,11.64,False,,r110,Solomon-100,100,230,4
Genetic-Score,276.0,93.51617299998179,True,11,221.40404593137544,12.93,False,,r109,Solomon-100,100,230,1
GRASP,261.0,22.399112300015986,True,10,226.59976563929234,17.92,False,,r110,Solomon-100,100,230,4
Genetic-Score,276.0,90.13071539998055,True,11,221.40404593137544,12.93,False,,r109,Solomon-100,100,230,2
Genetic-Score,276.0,83.54425429995172,True,11,221.40404593137544,12.93,False,,r109,Solomon-100,100,230,4
Genetic-Score,276.0,95.39080059994012,True,11,221.40404593137544,12.93,False,,r109,Solomon-100,100,230,3
Genetic-Tailored,265.0,19.277769800042734,True,11,228.9576505482834,16.67,False,,r110,Solomon-100,100,230,0
Genetic-Tailored,266.0,13.622106099966913,True,10,228.1243203081168,16.35,False,,r110,Solomon-100,100,230,4
Greedy-Ratio,128.0,0.017045499989762902,True,7,207.29986607213576,60.12,False,,r111,Solomon-100,100,230,0
Greedy-Score,182.0,0.025004600058309734,True,6,225.74070349739046,43.3,False,,r111,Solomon-100,100,230,0
Greedy-Random,100.0,0.004707199987024069,True,4,218.74162495730448,68.85,False,,r111,Solomon-100,100,230,0
Greedy-Random,42.0,0.006184800062328577,True,4,228.83565331045685,86.92,False,,r111,Solomon-100,100,230,1
Greedy-Random,61.0,0.004305599955841899,True,3,227.0816568791753,81.0,False,,r111,Solomon-100,100,230,2
Greedy-Random,33.0,0.004738999996334314,True,4,222.88552514101642,89.72,False,,r111,Solomon-100,100,230,3
Greedy-Random,50.0,0.0046091999392956495,True,4,224.2705834360366,84.42,False,,r111,Solomon-100,100,230,4
Genetic-Score,301.0,146.98990879999474,True,13,225.89022581528064,8.79,False,,r108,Solomon-100,100,230,1
Genetic-Tailored,283.0,21.2779647000134,True,12,226.36886977114884,11.01,False,,r110,Solomon-100,100,230,1
Genetic-Tailored,264.0,29.60322259995155,True,10,223.20291395398598,16.98,False,,r110,Solomon-100,100,230,3
Genetic-Score,308.0,152.5450304999249,True,13,228.03738462592912,6.67,False,,r108,Solomon-100,100,230,3
Genetic-Tailored,274.0,35.65220459992997,True,11,224.79858173707942,13.84,False,,r110,Solomon-100,100,230,2
SA-Boltzmann,182.0,0.16636779997497797,True,6,225.74070349739046,43.3,False,,r111,Solomon-100,100,230,0
SA-Boltzmann,182.0,0.17615389998536557,True,6,225.74070349739046,43.3,False,,r111,Solomon-100,100,230,1
SA-Boltzmann,197.0,0.2020588000304997,True,11,228.58783323569529,38.63,False,,r111,Solomon-100,100,230,2
SA-Boltzmann,209.0,0.19795419997535646,True,10,228.9353718813979,34.89,False,,r111,Solomon-100,100,230,3
SA-Boltzmann,182.0,0.1666085000615567,True,6,225.74070349739046,43.3,False,,r111,Solomon-100,100,230,4
SA-Cauchy,198.0,0.1700550999958068,True,8,217.06513212804995,38.32,False,,r111,Solomon-100,100,230,0
SA-Cauchy,182.0,0.1796858999878168,True,6,225.74070349739046,43.3,False,,r111,Solomon-100,100,230,1
SA-Cauchy,182.0,0.1679064000491053,True,6,225.74070349739046,43.3,False,,r111,Solomon-100,100,230,2
SA-Cauchy,226.0,0.16336909995879978,True,10,225.99657089829725,29.6,False,,r111,Solomon-100,100,230,3
SA-Cauchy,248.0,0.19521319994237274,True,10,228.7869895023379,22.74,False,,r111,Solomon-100,100,230,4
Genetic-Score,308.0,171.23479949997272,True,13,228.03738462592912,6.67,False,,r108,Solomon-100,100,230,0
Tabu,282.0,2.4976892999839038,True,12,228.7246097238298,12.15,False,,r111,Solomon-100,100,230,0
GRASP,280.0,21.3444690000033,True,10,221.54028417311693,12.77,False,,r111,Solomon-100,100,230,0
GRASP,267.0,22.131423600018024,True,9,223.59848923611432,16.82,False,,r111,Solomon-100,100,230,1
Tabu-Random,290.0,2.9257080999668688,True,12,227.4407417070238,9.66,False,,r111,Solomon-100,100,230,0
Tabu-Random,275.0,2.1373885000357404,True,10,226.56179506749532,14.33,False,,r111,Solomon-100,100,230,2
Tabu-Random,276.0,2.4337150000501424,True,11,226.45612999650683,14.02,False,,r111,Solomon-100,100,230,1
Tabu-Random,294.0,2.764885599957779,True,12,226.0886714950536,8.41,False,,r111,Solomon-100,100,230,3
Tabu-Random,297.0,2.827187899965793,True,12,228.34515207238002,7.48,False,,r111,Solomon-100,100,230,4
GRASP,279.0,27.427097099949606,True,11,211.92121451418984,13.08,False,,r111,Solomon-100,100,230,2
GRASP,285.0,22.397739200037904,True,11,227.90444396464383,11.21,False,,r111,Solomon-100,100,230,4
GRASP,285.0,24.67143109999597,True,11,226.98280271748803,11.21,False,,r111,Solomon-100,100,230,3
Genetic-Tailored,275.0,22.34033520007506,True,10,222.65470577014347,14.33,False,,r111,Solomon-100,100,230,1
Genetic-Tailored,268.0,23.611091400031,True,10,227.48274994834006,16.51,False,,r111,Solomon-100,100,230,0
Genetic-Tailored,281.0,22.272581199998967,True,10,223.64169919025227,12.46,False,,r111,Solomon-100,100,230,2
Genetic-Tailored,279.0,24.824911799980327,True,11,212.03872389271666,13.08,False,,r111,Solomon-100,100,230,3
Greedy-Ratio,201.0,0.019787900033406913,True,10,223.63108533375055,41.23,False,,r112,Solomon-100,100,230,0
Greedy-Score,144.0,0.014137099962681532,True,4,220.3370453846335,57.89,False,,r112,Solomon-100,100,230,0
Greedy-Random,90.0,0.005484099965542555,True,5,225.15703039823654,73.68,False,,r112,Solomon-100,100,230,0
Greedy-Random,105.0,0.00846719997934997,True,6,227.4824523487288,69.3,False,,r112,Solomon-100,100,230,1
Greedy-Random,95.0,0.007996900007128716,True,5,223.9844901556407,72.22,False,,r112,Solomon-100,100,230,2
Greedy-Random,81.0,0.00607889995444566,True,5,228.39242109591723,76.32,False,,r112,Solomon-100,100,230,3
Greedy-Random,72.0,0.005680500064045191,True,5,219.22479022668512,78.95,False,,r112,Solomon-100,100,230,4
Genetic-Tailored,274.0,24.087475399952382,True,11,220.94299957318603,14.64,False,,r111,Solomon-100,100,230,4
Genetic-Score,281.0,83.59770579996984,True,11,227.86297124941217,11.64,False,,r110,Solomon-100,100,230,1
GRASP,286.0,24.549288399983197,True,12,228.2767101139329,16.37,False,,r112,Solomon-100,100,230,0
GRASP,290.0,26.08067980001215,True,11,228.34288788807405,15.2,False,,r112,Solomon-100,100,230,1
Genetic-Score,283.0,98.72132210002746,True,12,226.36886977114884,11.01,False,,r110,Solomon-100,100,230,0
SA-Boltzmann,150.0,0.1158521999605,True,7,227.96999619666718,56.14,False,,r112,Solomon-100,100,230,0
SA-Boltzmann,160.0,0.16115639999043196,True,9,226.97161870639053,53.22,False,,r112,Solomon-100,100,230,1
SA-Boltzmann,144.0,0.15020120004191995,True,4,220.3370453846335,57.89,False,,r112,Solomon-100,100,230,2
SA-Boltzmann,144.0,0.1755731999874115,True,4,220.3370453846335,57.89,False,,r112,Solomon-100,100,230,3
SA-Boltzmann,145.0,0.14216819999273866,True,9,227.4930647312776,57.6,False,,r112,Solomon-100,100,230,4
SA-Cauchy,185.0,0.16760409995913506,True,7,228.9439300084209,45.91,False,,r112,Solomon-100,100,230,0
SA-Cauchy,175.0,0.1610091000329703,True,6,224.21193908671353,48.83,False,,r112,Solomon-100,100,230,1
SA-Cauchy,190.0,0.16621329996269196,True,8,226.46353585921264,44.44,False,,r112,Solomon-100,100,230,2
SA-Cauchy,180.0,0.16849099996034056,True,9,229.22608661357637,47.37,False,,r112,Solomon-100,100,230,3
SA-Cauchy,197.0,0.16476680000778288,True,7,228.0376941731128,42.4,False,,r112,Solomon-100,100,230,4
Genetic-Score,281.0,94.61165590002201,True,11,227.61152049872595,11.64,False,,r110,Solomon-100,100,230,2
Genetic-Score,274.0,93.56838749989402,True,12,228.41041459661676,13.84,False,,r110,Solomon-100,100,230,3
Tabu,289.0,2.327351500047371,True,12,224.80379329324688,15.5,False,,r112,Solomon-100,100,230,0
Tabu-Random,292.0,2.468870499986224,True,11,229.30247467734273,14.62,False,,r112,Solomon-100,100,230,1
Tabu-Random,292.0,2.695523500093259,True,13,227.2253740646467,14.62,False,,r112,Solomon-100,100,230,0
Tabu-Random,295.0,2.51439540006686,True,13,226.00971459987994,13.74,False,,r112,Solomon-100,100,230,2
Tabu-Random,285.0,2.532756399945356,True,12,228.6309323802889,16.67,False,,r112,Solomon-100,100,230,3
Tabu-Random,277.0,2.3275730999885127,True,10,221.80029675513418,19.01,False,,r112,Solomon-100,100,230,4
GRASP,298.0,28.840038100024685,True,12,228.229971486493,12.87,False,,r112,Solomon-100,100,230,2
GRASP,298.0,28.160364800016396,True,12,228.229971486493,12.87,False,,r112,Solomon-100,100,230,3
GRASP,298.0,28.611946600023657,True,12,228.229971486493,12.87,False,,r112,Solomon-100,100,230,4
Genetic-Tailored,281.0,16.027560299960896,True,11,223.89763401276463,17.84,False,,r112,Solomon-100,100,230,1
Genetic-Tailored,284.0,20.338354000006802,True,11,226.4928045774796,16.96,False,,r112,Solomon-100,100,230,0
Genetic-Tailored,269.0,17.844827400054783,True,10,222.92656936860953,21.35,False,,r112,Solomon-100,100,230,3
Genetic-Tailored,290.0,30.394378699944355,True,11,228.34288788807405,15.2,False,,r112,Solomon-100,100,230,2
Genetic-Score,295.0,96.12482479994651,True,11,228.3217147317971,8.1,False,,r111,Solomon-100,100,230,0
Greedy-Ratio,88.0,0.01825500000268221,True,5,223.7075200166709,61.57,False,,rc101,Solomon-100,100,240,0
Greedy-Score,129.0,0.02240919996984303,True,4,226.03992854443476,43.67,False,,rc101,Solomon-100,100,240,0
Greedy-Random,32.0,0.028330700006335974,True,3,220.4818418531824,86.03,False,,rc101,Solomon-100,100,240,0
Greedy-Random,39.0,0.006190999993123114,True,4,235.1023412049957,82.97,False,,rc101,Solomon-100,100,240,1
Greedy-Random,86.0,0.010590199963189662,True,5,239.00863674067853,62.45,False,,rc101,Solomon-100,100,240,2
Greedy-Random,23.0,0.0026666000485420227,True,2,209.61577310586392,89.96,False,,rc101,Solomon-100,100,240,3
Greedy-Random,65.0,0.008861100068315864,True,5,228.43636243629555,71.62,False,,rc101,Solomon-100,100,240,4
Genetic-Tailored,289.0,29.395072199986316,True,12,225.93493692078033,15.5,False,,r112,Solomon-100,100,230,4
GRASP,209.0,11.511526899994351,True,8,239.61473135412592,8.73,False,,rc101,Solomon-100,100,240,0
GRASP,219.0,11.309937000041828,True,9,235.2511640678318,4.37,False,,rc101,Solomon-100,100,240,1
GRASP,209.0,11.024656499968842,True,8,239.61473135412592,8.73,False,,rc101,Solomon-100,100,240,2
Genetic-Score,281.0,153.41669540002476,True,11,227.86297124941217,11.64,False,,r110,Solomon-100,100,230,4
SA-Boltzmann,129.0,0.14613080001436174,True,4,226.03992854443476,43.67,False,,rc101,Solomon-100,100,240,0
SA-Boltzmann,160.0,0.17389340000227094,True,8,236.91265461843844,30.13,False,,rc101,Solomon-100,100,240,1
SA-Boltzmann,129.0,0.12457460002042353,True,4,226.03992854443476,43.67,False,,rc101,Solomon-100,100,240,2
SA-Boltzmann,129.0,0.16007029998581856,True,4,226.03992854443476,43.67,False,,rc101,Solomon-100,100,240,3
SA-Boltzmann,129.0,0.15735029999632388,True,4,226.03992854443476,43.67,False,,rc101,Solomon-100,100,240,4
SA-Cauchy,156.0,0.17399319994729012,True,5,226.23379903526018,31.88,False,,rc101,Solomon-100,100,240,0
SA-Cauchy,158.0,0.18195630004629493,True,8,217.01389891039145,31.0,False,,rc101,Solomon-100,100,240,1
SA-Cauchy,133.0,0.1932453999761492,True,7,237.1408435742501,41.92,False,,rc101,Solomon-100,100,240,2
SA-Cauchy,145.0,0.1563516000751406,True,5,226.03992854443476,36.68,False,,rc101,Solomon-100,100,240,3
SA-Cauchy,145.0,0.16430900001432747,True,5,226.03992854443476,36.68,False,,rc101,Solomon-100,100,240,4
GRASP,209.0,11.160319600021467,True,8,239.61473135412592,8.73,False,,rc101,Solomon-100,100,240,3
Tabu,216.0,1.7091619999846444,True,8,221.1905267555494,5.68,False,,rc101,Solomon-100,100,240,0
Tabu-Random,216.0,1.7334346999414265,True,8,221.1905267555494,5.68,False,,rc101,Solomon-100,100,240,0
Tabu-Random,219.0,1.7541831000708044,True,11,238.32077514506975,4.37,False,,rc101,Solomon-100,100,240,1
Tabu-Random,216.0,1.7531964000081643,True,9,228.65640785029262,5.68,False,,rc101,Solomon-100,100,240,2
Genetic-Score,285.0,113.48680809990037,True,11,223.98299128977055,11.21,False,,r111,Solomon-100,100,230,2
Tabu-Random,208.0,2.045861899969168,True,10,225.9760963541725,9.17,False,,rc101,Solomon-100,100,240,3
Tabu-Random,206.0,1.6633567999815568,True,10,239.61473135412592,10.04,False,,rc101,Solomon-100,100,240,4
GRASP,219.0,12.220153999980539,True,9,235.2511640678318,4.37,False,,rc101,Solomon-100,100,240,4
Genetic-Tailored,200.0,8.69120090000797,True,8,236.26422986335544,12.66,False,,rc101,Solomon-100,100,240,1
Genetic-Tailored,202.0,11.6554525999818,True,9,214.50269336334287,11.79,False,,rc101,Solomon-100,100,240,0
Genetic-Tailored,196.0,8.159678800031543,True,7,238.03366045603875,14.41,False,,rc101,Solomon-100,100,240,4
Genetic-Tailored,219.0,13.188408399932086,True,9,235.2511640678318,4.37,False,,rc101,Solomon-100,100,240,3
Genetic-Score,297.0,132.76608610001858,True,12,227.63783238907402,7.48,False,,r111,Solomon-100,100,230,4
Genetic-Tailored,206.0,20.72313399997074,True,9,233.21947283717995,10.04,False,,rc101,Solomon-100,100,240,2
Genetic-Score,297.0,148.4416853999719,True,12,227.63783238907402,7.48,False,,r111,Solomon-100,100,230,3
Greedy-Ratio,88.0,0.018486800021491945,True,5,223.7075200166709,67.53,False,,rc102,Solomon-100,100,240,0
Greedy-Score,140.0,0.015410700114443898,True,4,237.777970439246,48.34,False,,rc102,Solomon-100,100,240,0
Greedy-Random,53.0,0.003974999999627471,True,3,239.5247699060642,80.44,False,,rc102,Solomon-100,100,240,0
Greedy-Random,84.0,0.007464600028470159,True,5,231.02101189412042,69.0,False,,rc102,Solomon-100,100,240,1
Greedy-Random,62.0,0.006665099994279444,True,4,228.61638599622506,77.12,False,,rc102,Solomon-100,100,240,2
Greedy-Random,57.0,0.004394400049932301,True,3,239.57820224035473,78.97,False,,rc102,Solomon-100,100,240,3
Greedy-Random,47.0,0.004094099975191057,True,3,229.4267593859268,82.66,False,,rc102,Solomon-100,100,240,4
GRASP,266.0,14.165099899983034,True,10,239.09748777388612,1.85,False,,rc102,Solomon-100,100,240,0
Genetic-Score,298.0,102.56806850002613,True,12,228.50312907667566,12.87,False,,r112,Solomon-100,100,230,2
Genetic-Score,298.0,109.75643960002344,True,12,228.229971486493,12.87,False,,r112,Solomon-100,100,230,0
Genetic-Score,295.0,185.76114039996173,True,11,228.3217147317971,8.1,False,,r111,Solomon-100,100,230,1
Genetic-Score,298.0,101.66312740009744,True,12,228.229971486493,12.87,False,,r112,Solomon-100,100,230,3
SA-Boltzmann,140.0,0.14097129995934665,True,4,237.777970439246,48.34,False,,rc102,Solomon-100,100,240,0
SA-Boltzmann,147.0,0.16079270001500845,True,7,234.4813336893307,45.76,False,,rc102,Solomon-100,100,240,1
SA-Boltzmann,140.0,0.16221340000629425,True,4,237.777970439246,48.34,False,,rc102,Solomon-100,100,240,2
SA-Boltzmann,140.0,0.15949740004725754,True,4,237.777970439246,48.34,False,,rc102,Solomon-100,100,240,3
SA-Boltzmann,140.0,0.17116289993282408,True,4,237.777970439246,48.34,False,,rc102,Solomon-100,100,240,4
Genetic-Score,297.0,111.50659180001821,True,12,227.50257028441584,13.16,False,,r112,Solomon-100,100,230,1
SA-Cauchy,165.0,0.1979323000414297,True,7,233.94511613722088,39.11,False,,rc102,Solomon-100,100,240,0
SA-Cauchy,165.0,0.1555507000302896,True,6,237.777970439246,39.11,False,,rc102,Solomon-100,100,240,1
SA-Cauchy,143.0,0.1977562999818474,True,5,237.777970439246,47.23,False,,rc102,Solomon-100,100,240,2
SA-Cauchy,147.0,0.1311318000080064,True,5,237.65791331868238,45.76,False,,rc102,Solomon-100,100,240,3
SA-Cauchy,140.0,0.17392039997503161,True,4,237.777970439246,48.34,False,,rc102,Solomon-100,100,240,4
GRASP,266.0,13.289089699974284,True,10,239.09748777388612,1.85,False,,rc102,Solomon-100,100,240,1
Tabu,213.0,1.8594369000056759,True,10,233.960564404528,21.4,False,,rc102,Solomon-100,100,240,0
Tabu-Random,255.0,1.765950300032273,True,11,239.5148449685017,5.9,False,,rc102,Solomon-100,100,240,1
Tabu-Random,249.0,1.8568602999439463,True,10,239.5888647086832,8.12,False,,rc102,Solomon-100,100,240,0
Tabu-Random,255.0,1.7632152000442147,True,11,239.5148449685017,5.9,False,,rc102,Solomon-100,100,240,3
Tabu-Random,244.0,1.979551799944602,True,11,233.1916594473749,9.96,False,,rc102,Solomon-100,100,240,2
Tabu-Random,241.0,2.0228535999776796,True,10,230.67370374031015,11.07,False,,rc102,Solomon-100,100,240,4
Genetic-Score,216.0,52.17516759992577,True,8,221.1905267555494,5.68,False,,rc101,Solomon-100,100,240,1
Genetic-Score,216.0,48.35103270004038,True,8,221.1905267555494,5.68,False,,rc101,Solomon-100,100,240,4
GRASP,239.0,13.474040300003253,True,8,232.6626585571211,11.81,False,,rc102,Solomon-100,100,240,3
GRASP,266.0,14.883724799961783,True,10,239.09748777388612,1.85,False,,rc102,Solomon-100,100,240,2
Genetic-Score,216.0,54.893140500062145,True,8,221.1905267555494,5.68,False,,rc101,Solomon-100,100,240,2
GRASP,245.0,12.950007200008258,True,10,237.13554897650278,9.59,False,,rc102,Solomon-100,100,240,4
Genetic-Score,298.0,115.67339070001617,True,12,228.229971486493,12.87,False,,r112,Solomon-100,100,230,4
Genetic-Tailored,259.0,13.533025400014594,True,9,234.73503338193387,4.43,False,,rc102,Solomon-100,100,240,4
Greedy-Ratio,94.0,0.017874800018034875,True,5,226.5817179151109,70.62,False,,rc103,Solomon-100,100,240,0
Greedy-Score,155.0,0.013977200025692582,True,4,231.99239980869282,51.56,False,,rc103,Solomon-100,100,240,0
Greedy-Random,73.0,0.005840300000272691,True,5,225.79734979027384,77.19,False,,rc103,Solomon-100,100,240,0
Greedy-Random,65.0,0.005708600045181811,True,4,231.6115609492603,79.69,False,,rc103,Solomon-100,100,240,1
Greedy-Random,96.0,0.006731700035743415,True,6,223.7075200166709,70.0,False,,rc103,Solomon-100,100,240,2
Greedy-Random,70.0,0.005743699963204563,True,4,232.89213730936996,78.12,False,,rc103,Solomon-100,100,240,3
Greedy-Random,97.0,0.006432099966332316,True,5,229.67903269288476,69.69,False,,rc103,Solomon-100,100,240,4
Genetic-Tailored,244.0,16.675273399916478,True,10,233.6300102790657,9.96,False,,rc102,Solomon-100,100,240,0
Genetic-Score,216.0,63.713405700051226,True,8,221.1905267555494,5.68,False,,rc101,Solomon-100,100,240,3
Genetic-Tailored,244.0,18.73469459998887,True,11,234.80649464024043,9.96,False,,rc102,Solomon-100,100,240,3
Genetic-Score,205.0,78.77284650004003,True,10,209.61577310586392,10.48,False,,rc101,Solomon-100,100,240,0
Genetic-Tailored,253.0,25.673367000068538,True,10,238.44419072495202,6.64,False,,rc102,Solomon-100,100,240,1
SA-Boltzmann,155.0,0.14817149995360523,True,4,231.99239980869282,51.56,False,,rc103,Solomon-100,100,240,0
SA-Boltzmann,155.0,0.14440109999850392,True,4,231.99239980869282,51.56,False,,rc103,Solomon-100,100,240,1
SA-Boltzmann,155.0,0.15364010003395379,True,4,231.99239980869282,51.56,False,,rc103,Solomon-100,100,240,2
SA-Boltzmann,155.0,0.16382350004278123,True,4,231.99239980869282,51.56,False,,rc103,Solomon-100,100,240,3
SA-Boltzmann,164.0,0.1539633999345824,True,8,238.15432050899466,48.75,False,,rc103,Solomon-100,100,240,4
SA-Cauchy,165.0,0.15675099997315556,True,5,231.99239980869282,48.44,False,,rc103,Solomon-100,100,240,0
SA-Cauchy,155.0,0.15083230007439852,True,4,231.99239980869282,51.56,False,,rc103,Solomon-100,100,240,1
SA-Cauchy,179.0,0.16376629995647818,True,7,236.77314231746013,44.06,False,,rc103,Solomon-100,100,240,2
SA-Cauchy,178.0,0.1610017999773845,True,5,236.545277755754,44.38,False,,rc103,Solomon-100,100,240,3
SA-Cauchy,168.0,0.16493319999426603,True,5,236.0827458910327,47.5,False,,rc103,Solomon-100,100,240,4
Tabu,239.0,1.8703819999936968,True,10,236.95249007261248,25.31,False,,rc103,Solomon-100,100,240,0
GRASP,258.0,13.386677699978463,True,9,239.09748777388612,19.38,False,,rc103,Solomon-100,100,240,0
GRASP,259.0,12.786881600040942,True,9,234.73503338193387,19.06,False,,rc103,Solomon-100,100,240,2
Tabu-Random,239.0,1.8596664000069723,True,10,236.95249007261248,25.31,False,,rc103,Solomon-100,100,240,0
GRASP,241.0,14.5513321000617,True,10,236.9745543694393,24.69,False,,rc103,Solomon-100,100,240,1
Tabu-Random,255.0,1.7787260999903083,True,11,239.5148449685017,20.31,False,,rc103,Solomon-100,100,240,1
Tabu-Random,263.0,2.0260203999932855,True,11,239.30493885694653,17.81,False,,rc103,Solomon-100,100,240,2
GRASP,258.0,11.039702599984594,True,9,239.09748777388612,19.38,False,,rc103,Solomon-100,100,240,3
Tabu-Random,236.0,1.8045747000724077,True,10,236.3855666222314,26.25,False,,rc103,Solomon-100,100,240,3
Tabu-Random,228.0,1.9752244000555947,True,9,238.0015571974413,28.75,False,,rc103,Solomon-100,100,240,4
GRASP,258.0,14.14295010000933,True,9,239.09748777388612,19.38,False,,rc103,Solomon-100,100,240,4
Genetic-Tailored,249.0,38.30249949998688,True,10,234.80907809736917,8.12,False,,rc102,Solomon-100,100,240,2
Genetic-Tailored,253.0,12.89371850003954,True,10,232.78053156403587,20.94,False,,rc103,Solomon-100,100,240,0
Genetic-Tailored,230.0,13.220618600025773,True,8,238.06297532946695,28.12,False,,rc103,Solomon-100,100,240,1
Genetic-Tailored,240.0,13.73843000002671,True,9,235.43020429382616,25.0,False,,rc103,Solomon-100,100,240,2
Genetic-Tailored,251.0,13.762223099940456,True,9,237.89952023851828,21.56,False,,rc103,Solomon-100,100,240,4
Greedy-Ratio,136.0,0.017985000042244792,True,6,238.0442002319833,60.47,False,,rc104,Solomon-100,100,240,0
Greedy-Score,155.0,0.015068600070662796,True,4,231.99239980869282,54.94,False,,rc104,Solomon-100,100,240,0
Greedy-Random,114.0,0.010111200041137636,True,5,229.5766978089351,66.86,False,,rc104,Solomon-100,100,240,0
Greedy-Random,140.0,0.0077037999872118235,True,6,239.2370987198079,59.3,False,,rc104,Solomon-100,100,240,1
Greedy-Random,61.0,0.007235399913042784,True,5,239.03133245119636,82.27,False,,rc104,Solomon-100,100,240,2
Greedy-Random,67.0,0.009323099977336824,True,6,224.9929599850671,80.52,False,,rc104,Solomon-100,100,240,3
Greedy-Random,22.0,0.003955399966798723,True,3,235.91278884022813,93.6,False,,rc104,Solomon-100,100,240,4
Genetic-Tailored,260.0,21.397698499960825,True,11,237.76317408814813,18.75,False,,rc103,Solomon-100,100,240,3
GRASP,282.0,20.127702299971133,True,12,236.6695817281166,18.02,False,,rc104,Solomon-100,100,240,0
Genetic-Score,259.0,62.89203620003536,True,9,234.73503338193387,4.43,False,,rc102,Solomon-100,100,240,3
Genetic-Score,259.0,67.27978079998866,True,9,234.73503338193387,4.43,False,,rc102,Solomon-100,100,240,2
Genetic-Score,259.0,69.75158379995264,True,9,234.73503338193387,4.43,False,,rc102,Solomon-100,100,240,0
SA-Boltzmann,174.0,0.1686244000447914,True,5,213.53418134296186,49.42,False,,rc104,Solomon-100,100,240,0
SA-Boltzmann,155.0,0.1138204000890255,True,4,231.99239980869282,54.94,False,,rc104,Solomon-100,100,240,1
SA-Boltzmann,155.0,0.075984499999322,True,4,231.99239980869282,54.94,False,,rc104,Solomon-100,100,240,2
SA-Boltzmann,155.0,0.13710170006379485,True,4,231.99239980869282,54.94,False,,rc104,Solomon-100,100,240,3
SA-Boltzmann,155.0,0.11536179995164275,True,4,231.99239980869282,54.94,False,,rc104,Solomon-100,100,240,4
SA-Cauchy,242.0,0.1545158999506384,True,8,232.74201272769102,29.65,False,,rc104,Solomon-100,100,240,0
SA-Cauchy,174.0,0.15441610000561923,True,7,233.6785418101989,49.42,False,,rc104,Solomon-100,100,240,1
SA-Cauchy,171.0,0.15261150000151247,True,5,238.72665828341886,50.29,False,,rc104,Solomon-100,100,240,2
SA-Cauchy,188.0,0.16590510006062686,True,6,238.66008845203248,45.35,False,,rc104,Solomon-100,100,240,3
SA-Cauchy,233.0,0.17961300001479685,True,8,238.0174704902642,32.27,False,,rc104,Solomon-100,100,240,4
GRASP,269.0,21.683933000080287,True,11,238.93102589863634,21.8,False,,rc104,Solomon-100,100,240,1
Tabu-Random,229.0,1.6791037999792024,True,7,239.4889405947748,33.43,False,,rc104,Solomon-100,100,240,0
Tabu,301.0,2.1316966000013053,True,11,237.72449441865797,12.5,False,,rc104,Solomon-100,100,240,0
Tabu-Random,259.0,2.0734988999320194,True,10,237.22923589126495,24.71,False,,rc104,Solomon-100,100,240,1
Tabu-Random,257.0,2.0235945999156684,True,9,237.1990453739203,25.29,False,,rc104,Solomon-100,100,240,2
Genetic-Score,266.0,74.51658330007922,True,10,239.09748777388612,1.85,False,,rc102,Solomon-100,100,240,1
Tabu-Random,220.0,1.7306215000571683,True,7,238.4697274399829,36.05,False,,rc104,Solomon-100,100,240,3
Tabu-Random,278.0,2.0852814000099897,True,10,238.84736220192715,19.19,False,,rc104,Solomon-100,100,240,4
Genetic-Score,266.0,72.40595809998922,True,10,239.09748777388612,1.85,False,,rc102,Solomon-100,100,240,4
GRASP,263.0,19.798028300050646,True,11,233.01658834646753,23.55,False,,rc104,Solomon-100,100,240,2
GRASP,279.0,18.8369886999717,True,12,236.261210508818,18.9,False,,rc104,Solomon-100,100,240,3
GRASP,279.0,20.11404020001646,True,12,236.261210508818,18.9,False,,rc104,Solomon-100,100,240,4
Genetic-Tailored,269.0,13.620231300010346,True,9,238.31544148971227,21.8,False,,rc104,Solomon-100,100,240,2
Genetic-Tailored,301.0,16.68045039998833,True,11,237.72449441865797,12.5,False,,rc104,Solomon-100,100,240,0
Genetic-Tailored,275.0,14.957795799942687,True,9,238.81329195216256,20.06,False,,rc104,Solomon-100,100,240,4
Genetic-Tailored,290.0,24.35322140005883,True,11,238.69058217492497,15.7,False,,rc104,Solomon-100,100,240,1
Greedy-Ratio,111.0,0.016323599964380264,True,5,232.52417469626002,56.13,False,,rc105,Solomon-100,100,240,0
Greedy-Score,106.0,0.015492000035010278,True,3,230.1246334094433,58.1,False,,rc105,Solomon-100,100,240,0
Greedy-Random,55.0,0.005166199989616871,True,4,228.91055066192217,78.26,False,,rc105,Solomon-100,100,240,0
Greedy-Random,56.0,0.0056038000620901585,True,4,223.92830312876913,77.87,False,,rc105,Solomon-100,100,240,1
Greedy-Random,78.0,0.0048056000377982855,True,4,224.3814908103089,69.17,False,,rc105,Solomon-100,100,240,2
Greedy-Random,80.0,0.006931600044481456,True,5,227.4267593859268,68.38,False,,rc105,Solomon-100,100,240,3
Greedy-Random,86.0,0.004823200055398047,True,4,237.9002654117849,66.01,False,,rc105,Solomon-100,100,240,4
GRASP,239.0,12.817410700023174,True,9,236.44416953372948,5.53,False,,rc105,Solomon-100,100,240,0
Genetic-Score,263.0,80.79269739997108,True,11,239.30493885694653,17.81,False,,rc103,Solomon-100,100,240,1
GRASP,239.0,10.725683699944057,True,9,236.44416953372948,5.53,False,,rc105,Solomon-100,100,240,1
Genetic-Score,263.0,84.07892270002048,True,11,239.30493885694653,17.81,False,,rc103,Solomon-100,100,240,4
GRASP,239.0,11.898508099955507,True,9,236.44416953372948,5.53,False,,rc105,Solomon-100,100,240,2
SA-Boltzmann,106.0,0.15761779993772507,True,3,230.1246334094433,58.1,False,,rc105,Solomon-100,100,240,0
SA-Boltzmann,132.0,0.12921539996750653,True,5,230.1246334094433,47.83,False,,rc105,Solomon-100,100,240,1
SA-Boltzmann,171.0,0.1482529001077637,True,9,236.15838893728153,32.41,False,,rc105,Solomon-100,100,240,2
SA-Boltzmann,106.0,0.15103020006790757,True,3,230.1246334094433,58.1,False,,rc105,Solomon-100,100,240,3
SA-Boltzmann,106.0,0.12790830002631992,True,3,230.1246334094433,58.1,False,,rc105,Solomon-100,100,240,4
SA-Cauchy,151.0,0.16233060008380562,True,8,234.69499314781376,40.32,False,,rc105,Solomon-100,100,240,0
Genetic-Tailored,301.0,45.42058749997523,True,11,237.72449441865797,12.5,False,,rc104,Solomon-100,100,240,3
SA-Cauchy,144.0,0.15930900000967085,True,8,236.71324810743633,43.08,False,,rc105,Solomon-100,100,240,1
SA-Cauchy,182.0,0.16249690006952733,True,8,230.5757421463987,28.06,False,,rc105,Solomon-100,100,240,3
SA-Cauchy,157.0,0.1996142000425607,True,6,231.71228259278706,37.94,False,,rc105,Solomon-100,100,240,2
SA-Cauchy,145.0,0.16599590005353093,True,7,237.81126982762305,42.69,False,,rc105,Solomon-100,100,240,4
Tabu,237.0,2.0105235999217257,True,10,232.12502756875944,6.32,False,,rc105,Solomon-100,100,240,0
Tabu-Random,237.0,1.909683599951677,True,10,232.12502756875944,6.32,False,,rc105,Solomon-100,100,240,0
Tabu-Random,226.0,1.7142732000211254,True,10,237.90000977563622,10.67,False,,rc105,Solomon-100,100,240,2
Tabu-Random,237.0,1.907660000026226,True,10,232.12502756875944,6.32,False,,rc105,Solomon-100,100,240,1
Tabu-Random,195.0,1.8225910000037402,True,8,232.620994492827,22.92,False,,rc105,Solomon-100,100,240,4
Tabu-Random,218.0,2.0477977000409737,True,11,230.02014933495798,13.83,False,,rc105,Solomon-100,100,240,3
Genetic-Score,263.0,96.72038760001305,True,11,239.30493885694653,17.81,False,,rc103,Solomon-100,100,240,2
GRASP,239.0,12.126713900011964,True,9,236.44416953372948,5.53,False,,rc105,Solomon-100,100,240,4
GRASP,239.0,12.97372849995736,True,9,236.44416953372948,5.53,False,,rc105,Solomon-100,100,240,3
Genetic-Tailored,230.0,11.114155300077982,True,9,231.33626227608337,9.09,False,,rc105,Solomon-100,100,240,1
Genetic-Tailored,209.0,10.021359800011851,True,8,231.58099787682593,17.39,False,,rc105,Solomon-100,100,240,2
Genetic-Score,263.0,115.54783269995824,True,11,239.30493885694653,17.81,False,,rc103,Solomon-100,100,240,0
Genetic-Tailored,239.0,10.789262900012545,True,9,236.44416953372948,5.53,False,,rc105,Solomon-100,100,240,3
Genetic-Tailored,235.0,14.959504000027664,True,10,235.02369482629172,7.11,False,,rc105,Solomon-100,100,240,0
Genetic-Tailored,225.0,11.471458499901928,True,10,235.2325619375548,11.07,False,,rc105,Solomon-100,100,240,4
Greedy-Ratio,128.0,0.027173500042408705,True,6,234.86584566533602,54.29,False,,rc106,Solomon-100,100,240,0
Greedy-Score,168.0,0.023865399998612702,True,5,238.30700451894728,40.0,False,,rc106,Solomon-100,100,240,0
Greedy-Random,44.0,0.008349900017492473,True,5,238.50483192955724,84.29,False,,rc106,Solomon-100,100,240,0
Greedy-Random,96.0,0.009600199991837144,True,6,238.01986231563185,65.71,False,,rc106,Solomon-100,100,240,1
Greedy-Random,60.0,0.003855500021018088,True,3,226.88029855568604,78.57,False,,rc106,Solomon-100,100,240,2
Greedy-Random,33.0,0.003913399996235967,True,3,229.78166694770434,88.21,False,,rc106,Solomon-100,100,240,3
Greedy-Random,36.0,0.005741700064390898,True,4,237.68093793006238,87.14,False,,rc106,Solomon-100,100,240,4
GRASP,243.0,9.697504200041294,True,9,231.96222082586755,13.21,False,,rc106,Solomon-100,100,240,0
Genetic-Score,263.0,118.68544150004163,True,11,239.30493885694653,17.81,False,,rc103,Solomon-100,100,240,3
Genetic-Score,280.0,82.12734359991737,True,10,238.25455259403245,18.6,False,,rc104,Solomon-100,100,240,0
GRASP,227.0,8.219014100031927,True,8,238.15615002960442,18.93,False,,rc106,Solomon-100,100,240,1
GRASP,227.0,9.151813699980266,True,8,238.15615002960442,18.93,False,,rc106,Solomon-100,100,240,2
SA-Boltzmann,168.0,0.1596371999476105,True,5,238.30700451894728,40.0,False,,rc106,Solomon-100,100,240,0
SA-Boltzmann,168.0,0.1720733999973163,True,5,238.30700451894728,40.0,False,,rc106,Solomon-100,100,240,1
SA-Boltzmann,168.0,0.17796220001764596,True,5,238.30700451894728,40.0,False,,rc106,Solomon-100,100,240,2
SA-Boltzmann,168.0,0.15207379998173565,True,5,238.30700451894728,40.0,False,,rc106,Solomon-100,100,240,3
SA-Boltzmann,168.0,0.14573649992235005,True,5,238.30700451894728,40.0,False,,rc106,Solomon-100,100,240,4
SA-Cauchy,171.0,0.1499096000334248,True,5,221.17273969619174,38.93,False,,rc106,Solomon-100,100,240,0
SA-Cauchy,180.0,0.16088089998811483,True,8,231.5596541562993,35.71,False,,rc106,Solomon-100,100,240,1
SA-Cauchy,168.0,0.14186100009828806,True,5,238.30700451894728,40.0,False,,rc106,Solomon-100,100,240,2
SA-Cauchy,189.0,0.16463539993856102,True,8,236.670241695472,32.5,False,,rc106,Solomon-100,100,240,3
SA-Cauchy,168.0,0.17905589996371418,True,5,238.30700451894728,40.0,False,,rc106,Solomon-100,100,240,4
Tabu,244.0,1.968914599972777,True,9,238.47705468258783,12.86,False,,rc106,Solomon-100,100,240,0
Tabu-Random,246.0,1.9227126999758184,True,10,239.32766430580645,12.14,False,,rc106,Solomon-100,100,240,0
GRASP,227.0,8.545929300016724,True,8,238.15615002960442,18.93,False,,rc106,Solomon-100,100,240,3
Genetic-Score,280.0,86.70095110009424,True,10,238.25455259403245,18.6,False,,rc104,Solomon-100,100,240,1
Tabu-Random,250.0,2.0297104000346735,True,10,239.153192091955,10.71,False,,rc106,Solomon-100,100,240,1
GRASP,229.0,9.313285400043242,True,9,235.0578652113067,18.21,False,,rc106,Solomon-100,100,240,4
Tabu-Random,244.0,1.826545000076294,True,9,238.90213955136,12.86,False,,rc106,Solomon-100,100,240,2
Tabu-Random,215.0,2.142288099974394,True,9,230.65035108117473,23.21,False,,rc106,Solomon-100,100,240,3
Tabu-Random,237.0,1.8922214999329299,True,9,234.66424413158643,15.36,False,,rc106,Solomon-100,100,240,4
Genetic-Score,280.0,91.96554430003744,True,10,238.25455259403245,18.6,False,,rc104,Solomon-100,100,240,3
Genetic-Tailored,230.0,9.451796399895102,True,8,238.64623581592465,17.86,False,,rc106,Solomon-100,100,240,1
Genetic-Tailored,225.0,10.98523699992802,True,8,238.80322523717888,19.64,False,,rc106,Solomon-100,100,240,2
Genetic-Tailored,250.0,16.27322090009693,True,10,239.153192091955,10.71,False,,rc106,Solomon-100,100,240,0
Genetic-Score,280.0,98.22169769997708,True,10,238.25455259403245,18.6,False,,rc104,Solomon-100,100,240,4
Genetic-Score,301.0,105.10215960000642,True,11,237.72449441865797,12.5,False,,rc104,Solomon-100,100,240,2
Genetic-Tailored,250.0,18.96026959992014,True,10,239.153192091955,10.71,False,,rc106,Solomon-100,100,240,3
Greedy-Ratio,176.0,0.021343500004149973,True,8,230.88241674779707,43.95,False,,rc107,Solomon-100,100,240,0
Greedy-Score,163.0,0.03058919997420162,True,5,239.15967078308313,48.09,False,,rc107,Solomon-100,100,240,0
Greedy-Random,67.0,0.006849099998362362,True,4,226.3463419203867,78.66,False,,rc107,Solomon-100,100,240,0
Greedy-Random,49.0,0.005256499978713691,True,4,228.35471773671816,84.39,False,,rc107,Solomon-100,100,240,1
Greedy-Random,101.0,0.006828199955634773,True,5,232.35324887452947,67.83,False,,rc107,Solomon-100,100,240,2
Greedy-Random,81.0,0.005019099917262793,True,4,220.57142128514198,74.2,False,,rc107,Solomon-100,100,240,3
Greedy-Random,48.0,0.003778600017540157,True,3,228.22747564636595,84.71,False,,rc107,Solomon-100,100,240,4
Genetic-Tailored,230.0,18.378846899955533,True,10,238.5570785813982,17.86,False,,rc106,Solomon-100,100,240,4
GRASP,266.0,14.998893200070597,True,9,237.539876117724,15.29,False,,rc107,Solomon-100,100,240,0
Genetic-Score,241.0,71.91479229996912,True,11,237.43442516541734,4.74,False,,rc105,Solomon-100,100,240,0
GRASP,274.0,14.489589200005867,True,11,233.24204420746918,12.74,False,,rc107,Solomon-100,100,240,1
Genetic-Score,241.0,75.25576139998157,True,11,237.43442516541734,4.74,False,,rc105,Solomon-100,100,240,1
SA-Boltzmann,163.0,0.15176609996706247,True,5,239.15967078308313,48.09,False,,rc107,Solomon-100,100,240,0
SA-Boltzmann,163.0,0.17294109996873885,True,5,239.15967078308313,48.09,False,,rc107,Solomon-100,100,240,1
SA-Boltzmann,163.0,0.15045289997942746,True,5,239.15967078308313,48.09,False,,rc107,Solomon-100,100,240,2
SA-Boltzmann,202.0,0.18106239999178797,True,9,225.6074586115772,35.67,False,,rc107,Solomon-100,100,240,3
SA-Boltzmann,163.0,0.18357440002728254,True,5,239.15967078308313,48.09,False,,rc107,Solomon-100,100,240,4
SA-Cauchy,217.0,0.17254870000761002,True,7,236.29533442768195,30.89,False,,rc107,Solomon-100,100,240,0
SA-Cauchy,203.0,0.17161919991485775,True,6,236.48428330537564,35.35,False,,rc107,Solomon-100,100,240,1
SA-Cauchy,163.0,0.15578580007422715,True,5,239.15967078308313,48.09,False,,rc107,Solomon-100,100,240,2
SA-Cauchy,163.0,0.18848440004512668,True,5,239.15967078308313,48.09,False,,rc107,Solomon-100,100,240,3
SA-Cauchy,203.0,0.1610213000094518,True,6,236.89321839947718,35.35,False,,rc107,Solomon-100,100,240,4
Genetic-Score,241.0,74.89926239999477,True,11,237.43442516541734,4.74,False,,rc105,Solomon-100,100,240,4
Tabu,257.0,2.109606899903156,True,10,236.872969380438,18.15,False,,rc107,Solomon-100,100,240,0
Tabu-Random,234.0,2.168852200033143,True,9,230.1223164057921,25.48,False,,rc107,Solomon-100,100,240,0
Genetic-Score,241.0,78.67337049997877,True,11,237.43442516541734,4.74,False,,rc105,Solomon-100,100,240,3
GRASP,268.0,15.166587800020352,True,10,229.3488923351266,14.65,False,,rc107,Solomon-100,100,240,2
Tabu-Random,250.0,2.0481353999348357,True,9,231.2727076927281,20.38,False,,rc107,Solomon-100,100,240,1
Tabu-Random,252.0,1.9224651999538764,True,8,228.70127320738476,19.75,False,,rc107,Solomon-100,100,240,2
Genetic-Score,241.0,79.3430178000126,True,11,237.43442516541734,4.74,False,,rc105,Solomon-100,100,240,2
Tabu-Random,271.0,2.0600212999852374,True,10,236.90668312552828,13.69,False,,rc107,Solomon-100,100,240,3
Tabu-Random,244.0,2.158993599936366,True,9,236.82699368426785,22.29,False,,rc107,Solomon-100,100,240,4
GRASP,266.0,15.537574999965727,True,9,237.539876117724,15.29,False,,rc107,Solomon-100,100,240,4
GRASP,266.0,16.359289000043646,True,9,237.539876117724,15.29,False,,rc107,Solomon-100,100,240,3
Genetic-Tailored,266.0,11.39396969997324,True,9,237.539876117724,15.29,False,,rc107,Solomon-100,100,240,2
Genetic-Tailored,252.0,12.923732699942775,True,10,236.19338466788696,19.75,False,,rc107,Solomon-100,100,240,1
Genetic-Tailored,258.0,12.82530239992775,True,9,234.48479112796701,17.83,False,,rc107,Solomon-100,100,240,3
Genetic-Tailored,267.0,14.542919800034724,True,10,231.4543503074816,14.97,False,,rc107,Solomon-100,100,240,0
Greedy-Ratio,175.0,0.015939699951559305,True,7,229.7911979545381,46.81,False,,rc108,Solomon-100,100,240,0
Greedy-Score,163.0,0.02864720008801669,True,5,239.15967078308313,50.46,False,,rc108,Solomon-100,100,240,0
Greedy-Random,95.0,0.005979900015518069,True,5,228.66413189397488,71.12,False,,rc108,Solomon-100,100,240,0
Greedy-Random,115.0,0.012210299959406257,True,5,230.3734896022845,65.05,False,,rc108,Solomon-100,100,240,1
Greedy-Random,53.0,0.005002899910323322,True,4,238.36512102520834,83.89,False,,rc108,Solomon-100,100,240,2
Greedy-Random,49.0,0.004052300006151199,True,2,238.0126207143113,85.11,False,,rc108,Solomon-100,100,240,3
Greedy-Random,64.0,0.005815599928610027,True,5,225.46967141720455,80.55,False,,rc108,Solomon-100,100,240,4
Genetic-Score,230.0,57.863872900023125,True,8,238.64623581592465,17.86,False,,rc106,Solomon-100,100,240,3
Genetic-Tailored,251.0,27.224429800058715,True,11,229.04297085352107,20.06,False,,rc107,Solomon-100,100,240,4
GRASP,271.0,14.775558700086549,True,10,234.13283549076135,17.63,False,,rc108,Solomon-100,100,240,0
Genetic-Score,249.0,74.0790060000727,True,10,238.19291775911117,11.07,False,,rc106,Solomon-100,100,240,4
GRASP,278.0,17.27360379998572,True,10,232.839582073585,15.5,False,,rc108,Solomon-100,100,240,1
SA-Boltzmann,163.0,0.1554816000862047,True,5,239.15967078308313,50.46,False,,rc108,Solomon-100,100,240,0
SA-Boltzmann,163.0,0.170373999979347,True,5,239.15967078308313,50.46,False,,rc108,Solomon-100,100,240,1
SA-Boltzmann,163.0,0.18541679996997118,True,5,239.15967078308313,50.46,False,,rc108,Solomon-100,100,240,2
SA-Boltzmann,163.0,0.19681049999780953,True,5,239.15967078308313,50.46,False,,rc108,Solomon-100,100,240,3
SA-Boltzmann,163.0,0.15153270005248487,True,5,239.15967078308313,50.46,False,,rc108,Solomon-100,100,240,4
SA-Cauchy,179.0,0.16409700002986938,True,5,235.21100407276725,45.59,False,,rc108,Solomon-100,100,240,0
GRASP,274.0,14.894978299969807,True,10,231.76501798601868,16.72,False,,rc108,Solomon-100,100,240,3
SA-Cauchy,203.0,0.1704449999378994,True,6,234.8558389506207,38.3,False,,rc108,Solomon-100,100,240,1
SA-Cauchy,194.0,0.17500429996289313,True,6,237.72430355543509,41.03,False,,rc108,Solomon-100,100,240,2
SA-Cauchy,170.0,0.15104419994167984,True,5,233.54503979243515,48.33,False,,rc108,Solomon-100,100,240,3
SA-Cauchy,187.0,0.15192800003569573,True,5,226.44591575538823,43.16,False,,rc108,Solomon-100,100,240,4
GRASP,277.0,16.926697099930607,True,11,238.72846410485954,15.81,False,,rc108,Solomon-100,100,240,2
Tabu,255.0,1.9420796000631526,True,9,230.32176148879807,22.49,False,,rc108,Solomon-100,100,240,0
Tabu-Random,288.0,2.1589378999779,True,11,232.55863521726957,12.46,False,,rc108,Solomon-100,100,240,0
Genetic-Score,252.0,86.70921999996062,True,11,238.32670257401745,10.0,False,,rc106,Solomon-100,100,240,1
Tabu-Random,266.0,2.5203928999835625,True,12,232.93312752390608,19.15,False,,rc108,Solomon-100,100,240,1
Tabu-Random,262.0,2.2075889999978244,True,12,239.22908923187617,20.36,False,,rc108,Solomon-100,100,240,2
Tabu-Random,268.0,2.0814729999983683,True,9,229.36603748979994,18.54,False,,rc108,Solomon-100,100,240,3
Tabu-Random,268.0,2.251806700020097,True,9,232.1394386428466,18.54,False,,rc108,Solomon-100,100,240,4
GRASP,278.0,18.163618299993686,True,10,232.41641208806823,15.5,False,,rc108,Solomon-100,100,240,4
Genetic-Tailored,253.0,15.321757499943487,True,9,239.5634424238368,23.1,False,,rc108,Solomon-100,100,240,2
Genetic-Tailored,261.0,16.89713820000179,True,9,232.1776485712743,20.67,False,,rc108,Solomon-100,100,240,1
Genetic-Tailored,266.0,18.029994999989867,True,10,235.5319759721607,19.15,False,,rc108,Solomon-100,100,240,3
Genetic-Score,252.0,57.01307570002973,True,8,228.70127320738476,19.75,False,,rc107,Solomon-100,100,240,3
Genetic-Score,250.0,112.84110740001779,True,10,239.153192091955,10.71,False,,rc106,Solomon-100,100,240,0
Genetic-Tailored,288.0,24.39621629996691,True,11,232.55863521726957,12.46,False,,rc108,Solomon-100,100,240,0
Genetic-Score,252.0,63.06938480003737,True,8,228.70127320738476,19.75,False,,rc107,Solomon-100,100,240,4
Genetic-Tailored,254.0,19.97683209995739,True,9,223.82956790624314,22.8,False,,rc108,Solomon-100,100,240,4
Genetic-Score,277.0,76.8624832999194,True,10,235.6258348505046,11.78,False,,rc107,Solomon-100,100,240,1
Genetic-Score,277.0,80.52099220000673,True,10,235.6258348505046,11.78,False,,rc107,Solomon-100,100,240,2
Genetic-Score,271.0,96.6829291000031,True,10,236.90668312552828,13.69,False,,rc107,Solomon-100,100,240,0
Genetic-Score,255.0,46.580141699989326,True,9,230.32176148879807,22.49,False,,rc108,Solomon-100,100,240,0
Genetic-Score,255.0,47.129055599914864,True,9,230.32176148879807,22.49,False,,rc108,Solomon-100,100,240,3
Genetic-Score,255.0,52.68162099993788,True,9,230.32176148879807,22.49,False,,rc108,Solomon-100,100,240,2
Genetic-Score,255.0,50.51913420006167,True,9,230.32176148879807,22.49,False,,rc108,Solomon-100,100,240,4
Genetic-Score,250.0,162.9768269000342,True,10,239.153192091955,10.71,False,,rc106,Solomon-100,100,240,2
Genetic-Score,288.0,63.21799659996759,True,11,232.55863521726957,12.46,False,,rc108,Solomon-100,100,240,1
